clump_id,area_pix,area_arcsec2,r_eff_arcsec,x0,y0,area_kpc2,r_eff_kpc,inside,component
0,86,0.034399999999999306,0.10464157913908878,364.7674418604651,113.29069767441861,0.6888224198364515,0.4682509861804716,True,disk
1,101,0.04039999999999919,0.11340070282773773,251.16831683168317,164.75247524752476,0.8089658651567628,0.5074463838324409,True,disk
2,105,0.041999999999999156,0.115624457705621,420.8666666666667,176.78095238095239,0.8410041172421793,0.5173972601777647,False,outside
3,255,0.10199999999999794,0.18018770321735608,326.84705882352944,114.83529411764705,2.042438570445292,0.8063053943115011,True,disk
4,35,0.013999999999999718,0.06675581178124479,335.22857142857146,133.62857142857143,0.28033470574739305,0.2987194474416073,True,disk
6,125,0.04999999999999899,0.12615662610100672,120.048,76.248,1.0011953776692608,0.564526692649373,False,outside
7,275,0.10999999999999778,0.18712051592547588,16.883636363636363,456.1890909090909,2.202629830872374,0.8373284007902799,False,outside
8,311,0.1243999999999975,0.19899183360445413,238.7684887459807,423.5594855305466,2.4909740996411216,0.8904502693264436,False,outside
9,164,0.06559999999999867,0.14450303987686988,191.609756097561,308.9573170731707,1.3135683355020702,0.6466233736637544,False,outside
10,265,0.10599999999999786,0.18368682025524077,187.55849056603773,124.55849056603773,2.122534200658833,0.821963271583905,True,disk
11,136,0.05439999999999891,0.1315904928495895,425.93382352941177,243.46323529411765,1.089300570904156,0.5888422036033424,False,outside
12,35,0.013999999999999718,0.06675581178124479,476.42857142857144,190.77142857142857,0.28033470574739305,0.2987194474416073,False,outside
13,167,0.06679999999999865,0.14581872443920496,235.52095808383234,133.38922155688624,1.3375970245661326,0.6525108096035059,True,disk
14,199,0.0795999999999984,0.1591774699517153,92.15075376884423,295.0502512562814,1.5939030412494635,0.7122886322609077,False,outside
15,93,0.03719999999999925,0.10881694613449126,314.64516129032256,273.9247311827957,0.7448893609859301,0.48693495224202993,False,outside
16,94,0.037599999999999245,0.10940041919714151,121.95744680851064,268.8723404255319,0.7528989240072843,0.4895458822303147,False,outside
17,55,0.021999999999999558,0.0836828387188392,64.72727272727273,415.41818181818184,0.44052596617447487,0.37446464473165086,False,outside
18,22,0.008799999999999822,0.05292567428401174,341.59090909090907,204.5,0.17621038646978993,0.23683223611155765,True,disk
19,68,0.027199999999999454,0.09304852983362463,256.3529411764706,213.05882352941177,0.544650285452078,0.4163743152167531,True,disk
20,290,0.11599999999999766,0.19215604803731517,447.50344827586207,232.79310344827587,2.3227732761926854,0.8598614406842793,False,outside
21,100,0.039999999999999196,0.11283791670955012,423.98,194.56,0.8009563021354088,0.5049280239508517,False,outside
22,321,0.1283999999999974,0.2021657473114521,326.58255451713393,237.29595015576325,2.571069729854662,0.9046529240988651,False,outside
23,201,0.08039999999999838,0.15997535700593468,359.55721393034827,162.08955223880596,1.6099221672921715,0.7158590237159358,True,disk
24,362,0.14479999999999707,0.21468877828012334,41.270718232044196,400.4585635359116,2.8994618137301797,0.9606910845441946,False,outside
25,193,0.07719999999999845,0.15675944377736273,274.0518134715026,296.04145077720204,1.545845663121339,0.7014684291440776,False,outside
26,34,0.013599999999999727,0.06579524642479476,4.147058823529412,316.8529411764706,0.272325142726039,0.2944211018016712,False,outside
27,95,0.037999999999999236,0.1099807968464668,158.8,423.4,0.7609084870286383,0.4921429608379726,False,outside
28,181,0.07239999999999853,0.15180789096653038,207.23756906077347,252.43093922651934,1.4497309068650899,0.6793111805066588,False,outside
29,105,0.041999999999999156,0.115624457705621,226.98095238095237,301.4095238095238,0.8410041172421793,0.5173972601777647,False,outside
30,66,0.02639999999999947,0.0916699568847499,66.54545454545455,334.54545454545456,0.5286311594093698,0.4102054658153665,False,outside
31,167,0.06679999999999865,0.14581872443920496,68.89221556886227,496.67664670658684,1.3375970245661326,0.6525108096035059,False,outside
32,99,0.039599999999999205,0.11227230955528553,171.23232323232324,333.4949494949495,0.7929467391140548,0.5023970404741679,False,outside
33,80,0.031999999999999355,0.10092530088080538,171.625,392.525,0.640765041708327,0.4516213541194985,False,outside
34,213,0.08519999999999828,0.16468151779376586,265.38497652582157,118.36619718309859,1.7060369235484205,0.7369181901405625,True,disk
35,19,0.0075999999999998465,0.04918490759365885,269.5263157894737,134.1578947368421,0.15218169740572765,0.2200930230163447,True,disk
36,37,0.014799999999999702,0.06863662517577629,375.97297297297297,194.64864864864865,0.2963538317901013,0.3071357264585763,False,outside
37,18,0.007199999999999855,0.04787307364817144,185.66666666666666,204.38888888888889,0.14417213438437357,0.21422281784806244,False,outside
38,100,0.039999999999999196,0.11283791670955012,428.04,211.93,0.8009563021354088,0.5049280239508517,False,outside
39,87,0.0347999999999993,0.10524820207108382,273.64367816091954,159.32183908045977,0.6968319828578056,0.47096550739167015,True,disk
41,108,0.04319999999999913,0.11726460285669961,468.4537037037037,10.814814814814815,0.8650328063062415,0.5247365949889381,False,outside
42,56,0.02239999999999955,0.08444016491289419,458.44642857142856,135.625,0.4485355291958289,0.3778535341209747,False,outside
44,61,0.02439999999999951,0.0881292302410746,243.80327868852459,239.86885245901638,0.48858334430259936,0.3943613935418327,False,outside
45,26,0.010399999999999791,0.05753627391751535,190.23076923076923,346.5,0.2082486385552063,0.25746378470852377,False,outside
46,19,0.0075999999999998465,0.04918490759365885,225.3684210526316,265.5263157894737,0.15218169740572765,0.2200930230163447,False,outside
47,14,0.005599999999999887,0.042220082456447094,261.5,299.5,0.11213388229895722,0.18892676706048736,False,outside
49,45,0.017999999999999638,0.07569397566060404,9.755555555555556,394.24444444444447,0.36043033596093393,0.3387160155896239,False,outside
50,17,0.0067999999999998634,0.046524264916812316,492.94117647058823,231.64705882352942,0.1361625713630195,0.20818715760837656,False,outside
51,19,0.0075999999999998465,0.04918490759365885,318.63157894736844,79.47368421052632,0.15218169740572765,0.2200930230163447,True,disk
52,141,0.05639999999999886,0.133987602339789,134.29078014184398,346.86524822695037,1.1293483860109264,0.5995688085724488,False,outside
53,51,0.02039999999999959,0.08058239062071315,150.4313725490196,350.1372549019608,0.4084877140890585,0.3605907344610577,False,outside
55,43,0.017199999999999653,0.07399277020331844,134.95348837209303,52.0,0.34441120991822577,0.3311034476254998,False,outside
56,22,0.008799999999999822,0.05292567428401174,454.45454545454544,71.81818181818181,0.17621038646978993,0.23683223611155765,False,outside
57,17,0.0067999999999998634,0.046524264916812316,204.88235294117646,178.0,0.1361625713630195,0.20818715760837656,True,disk
58,120,0.04799999999999903,0.12360774464741942,358.5416666666667,135.85833333333332,0.9611475625624905,0.5531209372687804,True,disk
59,11,0.004399999999999911,0.037424103185095176,310.90909090909093,87.63636363636364,0.08810519323489496,0.167465680158056,True,disk
60,100,0.039999999999999196,0.11283791670955012,486.14,240.36,0.8009563021354088,0.5049280239508517,False,outside
61,23,0.009199999999999814,0.05411516379805956,104.91304347826087,309.4347826086956,0.184219949491144,0.24215497342674944,False,outside
63,19,0.0075999999999998465,0.04918490759365885,251.42105263157896,73.94736842105263,0.15218169740572765,0.2200930230163447,True,disk
65,10,0.003999999999999919,0.03568248232305506,384.8,176.5,0.08009563021354088,0.15967226101327425,True,disk
67,30,0.011999999999999757,0.06180387232370971,88.53333333333333,265.96666666666664,0.2402868906406226,0.2765604686343902,False,outside
68,59,0.023599999999999524,0.08667244841319131,71.0677966101695,240.5084745762712,0.4725642182598912,0.3878425744149783,False,outside
69,9,0.0035999999999999275,0.03385137501286504,199.0,265.0,0.07208606719218678,0.15147840718525551,False,outside
70,25,0.009999999999999799,0.05641895835477506,303.96,166.16,0.2002390755338522,0.25246401197542584,True,disk
71,28,0.011199999999999774,0.05970821321441786,190.03571428571428,275.89285714285717,0.22426776459791445,0.2671827962722438,False,outside
72,35,0.013999999999999718,0.06675581178124479,86.17142857142858,198.42857142857142,0.28033470574739305,0.2987194474416073,False,outside
73,18,0.007199999999999855,0.04787307364817144,163.44444444444446,310.8888888888889,0.14417213438437357,0.21422281784806244,False,outside
74,11,0.004399999999999911,0.037424103185095176,97.81818181818181,231.8181818181818,0.08810519323489496,0.167465680158056,False,outside
75,29,0.011599999999999767,0.06076507779746437,265.7586206896552,278.7241379310345,0.23227732761926856,0.27191206247160943,False,outside
77,18,0.007199999999999855,0.04787307364817144,182.83333333333334,292.6111111111111,0.14417213438437357,0.21422281784806244,False,outside
