clump_id,x,y
0,365,108
0,362,109
0,363,109
0,364,109
0,365,109
0,366,109
0,367,109
0,368,109
0,361,110
0,362,110
0,363,110
0,364,110
0,365,110
0,366,110
0,367,110
0,368,110
0,369,110
0,361,111
0,362,111
0,363,111
0,364,111
0,365,111
0,366,111
0,367,111
0,368,111
0,369,111
0,361,112
0,362,112
0,363,112
0,364,112
0,365,112
0,366,112
0,367,112
0,368,112
0,361,113
0,362,113
0,363,113
0,364,113
0,365,113
0,366,113
0,367,113
0,368,113
0,369,113
0,360,114
0,361,114
0,362,114
0,363,114
0,364,114
0,365,114
0,366,114
0,367,114
0,368,114
0,369,114
0,360,115
0,361,115
0,362,115
0,363,115
0,364,115
0,365,115
0,366,115
0,367,115
0,368,115
0,369,115
0,370,115
0,360,116
0,361,116
0,362,116
0,363,116
0,364,116
0,365,116
0,366,116
0,367,116
0,368,116
0,369,116
0,370,116
0,360,117
0,361,117
0,362,117
0,363,117
0,364,117
0,365,117
0,366,117
0,367,117
0,368,117
0,362,118
0,366,118
1,254,158
1,253,159
1,254,159
1,255,159
1,252,160
1,253,160
1,254,160
1,255,160
1,256,160
1,251,161
1,252,161
1,253,161
1,254,161
1,255,161
1,256,161
1,257,161
1,249,162
1,250,162
1,251,162
1,252,162
1,253,162
1,254,162
1,255,162
1,256,162
1,257,162
1,258,162
1,248,163
1,249,163
1,250,163
1,251,163
1,252,163
1,253,163
1,254,163
1,255,163
1,256,163
1,257,163
1,258,163
1,247,164
1,248,164
1,249,164
1,250,164
1,251,164
1,252,164
1,253,164
1,254,164
1,255,164
1,256,164
1,257,164
1,246,165
1,247,165
1,248,165
1,249,165
1,250,165
1,251,165
1,252,165
1,253,165
1,254,165
1,255,165
1,256,165
1,246,166
1,247,166
1,248,166
1,249,166
1,250,166
1,251,166
1,252,166
1,253,166
1,254,166
1,255,166
1,245,167
1,246,167
1,247,167
1,248,167
1,249,167
1,250,167
1,251,167
1,252,167
1,253,167
1,254,167
1,245,168
1,246,168
1,247,168
1,248,168
1,249,168
1,250,168
1,251,168
1,252,168
1,244,169
1,245,169
1,246,169
1,247,169
1,248,169
1,249,169
1,250,169
1,251,169
1,245,170
1,246,170
1,247,170
1,248,170
1,249,170
1,250,170
2,420,171
2,421,171
2,422,171
2,423,171
2,419,172
2,420,172
2,421,172
2,422,172
2,423,172
2,424,172
2,418,173
2,419,173
2,420,173
2,421,173
2,422,173
2,423,173
2,424,173
2,425,173
2,417,174
2,418,174
2,419,174
2,420,174
2,421,174
2,422,174
2,423,174
2,424,174
2,425,174
2,426,174
2,416,175
2,417,175
2,418,175
2,419,175
2,420,175
2,421,175
2,422,175
2,423,175
2,424,175
2,425,175
2,426,175
2,416,176
2,417,176
2,418,176
2,419,176
2,420,176
2,421,176
2,422,176
2,423,176
2,424,176
2,425,176
2,416,177
2,417,177
2,418,177
2,419,177
2,420,177
2,421,177
2,422,177
2,423,177
2,424,177
2,425,177
2,416,178
2,417,178
2,418,178
2,419,178
2,420,178
2,421,178
2,422,178
2,423,178
2,424,178
2,425,178
2,426,178
2,416,179
2,417,179
2,418,179
2,419,179
2,420,179
2,421,179
2,422,179
2,423,179
2,424,179
2,425,179
2,426,179
2,416,180
2,417,180
2,418,180
2,419,180
2,420,180
2,421,180
2,422,180
2,423,180
2,424,180
2,425,180
2,417,181
2,418,181
2,419,181
2,420,181
2,421,181
2,422,181
2,423,181
2,424,181
2,417,182
2,418,182
2,419,182
2,420,182
2,421,182
2,422,182
3,327,111
3,328,111
3,329,111
3,330,111
3,331,111
3,340,111
3,341,111
3,342,111
3,343,111
3,308,112
3,309,112
3,310,112
3,311,112
3,321,112
3,322,112
3,323,112
3,324,112
3,325,112
3,326,112
3,327,112
3,328,112
3,329,112
3,330,112
3,331,112
3,332,112
3,333,112
3,334,112
3,335,112
3,336,112
3,337,112
3,338,112
3,339,112
3,340,112
3,341,112
3,342,112
3,343,112
3,344,112
3,345,112
3,306,113
3,307,113
3,308,113
3,309,113
3,310,113
3,311,113
3,312,113
3,316,113
3,317,113
3,318,113
3,319,113
3,320,113
3,321,113
3,322,113
3,323,113
3,324,113
3,325,113
3,326,113
3,327,113
3,328,113
3,329,113
3,330,113
3,331,113
3,332,113
3,333,113
3,334,113
3,335,113
3,336,113
3,337,113
3,338,113
3,339,113
3,340,113
3,341,113
3,342,113
3,343,113
3,344,113
3,345,113
3,306,114
3,307,114
3,308,114
3,309,114
3,310,114
3,311,114
3,312,114
3,313,114
3,314,114
3,315,114
3,316,114
3,317,114
3,318,114
3,319,114
3,320,114
3,321,114
3,322,114
3,323,114
3,324,114
3,325,114
3,326,114
3,327,114
3,328,114
3,329,114
3,330,114
3,331,114
3,332,114
3,333,114
3,334,114
3,335,114
3,336,114
3,337,114
3,338,114
3,339,114
3,340,114
3,341,114
3,342,114
3,343,114
3,344,114
3,345,114
3,306,115
3,307,115
3,308,115
3,309,115
3,310,115
3,311,115
3,312,115
3,313,115
3,314,115
3,315,115
3,316,115
3,317,115
3,318,115
3,319,115
3,320,115
3,321,115
3,322,115
3,323,115
3,324,115
3,325,115
3,326,115
3,327,115
3,328,115
3,329,115
3,330,115
3,331,115
3,332,115
3,333,115
3,334,115
3,335,115
3,336,115
3,337,115
3,338,115
3,339,115
3,340,115
3,341,115
3,342,115
3,343,115
3,344,115
3,345,115
3,306,116
3,307,116
3,308,116
3,309,116
3,310,116
3,311,116
3,312,116
3,313,116
3,314,116
3,315,116
3,316,116
3,317,116
3,318,116
3,319,116
3,320,116
3,321,116
3,322,116
3,323,116
3,324,116
3,325,116
3,326,116
3,327,116
3,328,116
3,329,116
3,330,116
3,331,116
3,332,116
3,333,116
3,334,116
3,335,116
3,336,116
3,337,116
3,338,116
3,339,116
3,340,116
3,341,116
3,342,116
3,343,116
3,344,116
3,345,116
3,306,117
3,307,117
3,308,117
3,309,117
3,310,117
3,311,117
3,312,117
3,316,117
3,317,117
3,318,117
3,319,117
3,320,117
3,321,117
3,322,117
3,323,117
3,324,117
3,325,117
3,326,117
3,327,117
3,328,117
3,333,117
3,334,117
3,335,117
3,336,117
3,337,117
3,338,117
3,339,117
3,340,117
3,341,117
3,342,117
3,343,117
3,344,117
3,307,118
3,308,118
3,309,118
3,310,118
3,311,118
3,318,118
3,319,118
3,320,118
3,321,118
3,322,118
3,323,118
3,324,118
3,325,118
3,336,118
3,337,118
3,338,118
3,339,118
3,340,118
3,341,118
3,342,118
3,343,118
3,344,118
3,339,119
3,340,119
3,341,119
3,342,119
3,343,119
3,341,120
4,334,131
4,335,131
4,336,131
4,337,131
4,333,132
4,334,132
4,335,132
4,336,132
4,337,132
4,338,132
4,333,133
4,334,133
4,335,133
4,336,133
4,337,133
4,338,133
4,332,134
4,333,134
4,334,134
4,335,134
4,336,134
4,337,134
4,338,134
4,332,135
4,333,135
4,334,135
4,335,135
4,336,135
4,337,135
4,338,135
4,333,136
4,334,136
4,335,136
4,336,136
4,337,136
6,121,69
6,122,69
6,123,69
6,119,70
6,120,70
6,121,70
6,122,70
6,123,70
6,124,70
6,118,71
6,119,71
6,120,71
6,121,71
6,122,71
6,123,71
6,124,71
6,125,71
6,117,72
6,118,72
6,119,72
6,120,72
6,121,72
6,122,72
6,123,72
6,124,72
6,125,72
6,117,73
6,118,73
6,119,73
6,120,73
6,121,73
6,122,73
6,123,73
6,124,73
6,117,74
6,118,74
6,119,74
6,120,74
6,121,74
6,122,74
6,123,74
6,124,74
6,125,74
6,116,75
6,117,75
6,118,75
6,119,75
6,120,75
6,121,75
6,122,75
6,123,75
6,124,75
6,125,75
6,115,76
6,116,76
6,117,76
6,118,76
6,119,76
6,120,76
6,121,76
6,122,76
6,123,76
6,124,76
6,125,76
6,115,77
6,116,77
6,117,77
6,118,77
6,119,77
6,120,77
6,121,77
6,122,77
6,123,77
6,124,77
6,125,77
6,115,78
6,116,78
6,117,78
6,118,78
6,119,78
6,120,78
6,121,78
6,122,78
6,123,78
6,124,78
6,115,79
6,116,79
6,117,79
6,118,79
6,119,79
6,120,79
6,121,79
6,122,79
6,123,79
6,124,79
6,115,80
6,116,80
6,117,80
6,118,80
6,119,80
6,120,80
6,121,80
6,122,80
6,123,80
6,124,80
6,115,81
6,116,81
6,117,81
6,118,81
6,119,81
6,120,81
6,121,81
6,122,81
6,123,81
6,115,82
6,116,82
6,117,82
6,118,82
6,119,82
6,120,82
6,121,82
6,116,83
6,117,83
6,118,83
6,119,83
7,6,449
7,7,449
7,8,449
7,5,450
7,6,450
7,7,450
7,8,450
7,9,450
7,10,450
7,11,450
7,20,450
7,21,450
7,22,450
7,4,451
7,5,451
7,6,451
7,7,451
7,8,451
7,9,451
7,10,451
7,11,451
7,19,451
7,20,451
7,21,451
7,22,451
7,23,451
7,24,451
7,25,451
7,4,452
7,5,452
7,6,452
7,7,452
7,8,452
7,9,452
7,10,452
7,11,452
7,12,452
7,18,452
7,19,452
7,20,452
7,21,452
7,22,452
7,23,452
7,24,452
7,25,452
7,26,452
7,27,452
7,3,453
7,4,453
7,5,453
7,6,453
7,7,453
7,8,453
7,9,453
7,10,453
7,11,453
7,12,453
7,13,453
7,16,453
7,17,453
7,18,453
7,19,453
7,20,453
7,21,453
7,22,453
7,23,453
7,24,453
7,25,453
7,26,453
7,27,453
7,3,454
7,4,454
7,5,454
7,6,454
7,7,454
7,8,454
7,9,454
7,10,454
7,11,454
7,12,454
7,13,454
7,14,454
7,15,454
7,16,454
7,17,454
7,18,454
7,19,454
7,20,454
7,21,454
7,22,454
7,23,454
7,24,454
7,25,454
7,26,454
7,27,454
7,28,454
7,3,455
7,4,455
7,5,455
7,6,455
7,7,455
7,8,455
7,9,455
7,10,455
7,11,455
7,12,455
7,13,455
7,14,455
7,15,455
7,16,455
7,17,455
7,18,455
7,19,455
7,20,455
7,21,455
7,22,455
7,23,455
7,24,455
7,25,455
7,26,455
7,27,455
7,28,455
7,3,456
7,4,456
7,5,456
7,6,456
7,7,456
7,8,456
7,9,456
7,10,456
7,11,456
7,12,456
7,13,456
7,14,456
7,15,456
7,16,456
7,17,456
7,18,456
7,19,456
7,20,456
7,21,456
7,22,456
7,23,456
7,24,456
7,25,456
7,26,456
7,27,456
7,28,456
7,29,456
7,3,457
7,4,457
7,5,457
7,6,457
7,7,457
7,8,457
7,9,457
7,10,457
7,11,457
7,12,457
7,13,457
7,14,457
7,15,457
7,16,457
7,17,457
7,18,457
7,19,457
7,20,457
7,21,457
7,22,457
7,23,457
7,24,457
7,25,457
7,26,457
7,27,457
7,28,457
7,29,457
7,3,458
7,4,458
7,5,458
7,6,458
7,7,458
7,8,458
7,9,458
7,10,458
7,11,458
7,12,458
7,14,458
7,15,458
7,16,458
7,17,458
7,18,458
7,19,458
7,20,458
7,21,458
7,22,458
7,23,458
7,24,458
7,25,458
7,26,458
7,27,458
7,28,458
7,29,458
7,4,459
7,5,459
7,6,459
7,7,459
7,8,459
7,9,459
7,10,459
7,11,459
7,16,459
7,17,459
7,18,459
7,19,459
7,20,459
7,21,459
7,22,459
7,23,459
7,24,459
7,25,459
7,26,459
7,27,459
7,28,459
7,29,459
7,8,460
7,17,460
7,18,460
7,19,460
7,20,460
7,21,460
7,22,460
7,23,460
7,24,460
7,25,460
7,26,460
7,27,460
7,28,460
7,29,460
7,18,461
7,19,461
7,20,461
7,21,461
7,22,461
7,23,461
7,24,461
7,25,461
7,26,461
7,27,461
7,28,461
7,29,461
7,19,462
7,20,462
7,21,462
7,22,462
7,23,462
7,24,462
7,25,462
7,26,462
7,27,462
7,28,462
7,29,462
7,20,463
7,21,463
7,22,463
7,23,463
7,24,463
7,25,463
7,26,463
7,27,463
7,21,464
7,22,464
7,23,464
7,24,464
7,25,464
7,26,464
8,239,409
8,240,409
8,241,409
8,242,409
8,243,409
8,238,410
8,239,410
8,240,410
8,241,410
8,242,410
8,243,410
8,244,410
8,237,411
8,238,411
8,239,411
8,240,411
8,241,411
8,242,411
8,243,411
8,244,411
8,236,412
8,237,412
8,238,412
8,239,412
8,240,412
8,241,412
8,242,412
8,243,412
8,244,412
8,235,413
8,236,413
8,237,413
8,238,413
8,239,413
8,240,413
8,241,413
8,242,413
8,243,413
8,244,413
8,235,414
8,236,414
8,237,414
8,238,414
8,239,414
8,240,414
8,241,414
8,242,414
8,243,414
8,244,414
8,245,414
8,234,415
8,235,415
8,236,415
8,237,415
8,238,415
8,239,415
8,240,415
8,241,415
8,242,415
8,243,415
8,244,415
8,245,415
8,234,416
8,235,416
8,236,416
8,237,416
8,238,416
8,239,416
8,240,416
8,241,416
8,242,416
8,243,416
8,244,416
8,245,416
8,234,417
8,235,417
8,236,417
8,237,417
8,238,417
8,239,417
8,240,417
8,241,417
8,242,417
8,243,417
8,244,417
8,234,418
8,235,418
8,236,418
8,237,418
8,238,418
8,239,418
8,240,418
8,241,418
8,242,418
8,243,418
8,244,418
8,234,419
8,235,419
8,236,419
8,237,419
8,238,419
8,239,419
8,240,419
8,241,419
8,242,419
8,243,419
8,244,419
8,233,420
8,234,420
8,235,420
8,236,420
8,237,420
8,238,420
8,239,420
8,240,420
8,241,420
8,242,420
8,243,420
8,244,420
8,233,421
8,234,421
8,235,421
8,236,421
8,237,421
8,238,421
8,239,421
8,240,421
8,241,421
8,242,421
8,243,421
8,244,421
8,233,422
8,234,422
8,235,422
8,236,422
8,237,422
8,238,422
8,239,422
8,240,422
8,241,422
8,242,422
8,243,422
8,244,422
8,233,423
8,234,423
8,235,423
8,236,423
8,237,423
8,238,423
8,239,423
8,240,423
8,241,423
8,242,423
8,243,423
8,244,423
8,245,423
8,233,424
8,234,424
8,235,424
8,236,424
8,237,424
8,238,424
8,239,424
8,240,424
8,241,424
8,242,424
8,243,424
8,244,424
8,245,424
8,233,425
8,234,425
8,235,425
8,236,425
8,237,425
8,238,425
8,239,425
8,240,425
8,241,425
8,242,425
8,243,425
8,244,425
8,233,426
8,234,426
8,235,426
8,236,426
8,237,426
8,238,426
8,239,426
8,240,426
8,241,426
8,242,426
8,243,426
8,244,426
8,233,427
8,234,427
8,235,427
8,236,427
8,237,427
8,238,427
8,239,427
8,240,427
8,241,427
8,242,427
8,243,427
8,233,428
8,234,428
8,235,428
8,236,428
8,237,428
8,238,428
8,239,428
8,240,428
8,241,428
8,242,428
8,243,428
8,233,429
8,234,429
8,235,429
8,236,429
8,237,429
8,238,429
8,239,429
8,240,429
8,241,429
8,242,429
8,243,429
8,233,430
8,234,430
8,235,430
8,236,430
8,237,430
8,238,430
8,239,430
8,240,430
8,241,430
8,242,430
8,243,430
8,233,431
8,234,431
8,235,431
8,236,431
8,237,431
8,238,431
8,239,431
8,240,431
8,241,431
8,242,431
8,243,431
8,233,432
8,234,432
8,235,432
8,236,432
8,237,432
8,238,432
8,239,432
8,240,432
8,241,432
8,242,432
8,243,432
8,233,433
8,234,433
8,235,433
8,236,433
8,237,433
8,238,433
8,239,433
8,240,433
8,241,433
8,242,433
8,233,434
8,234,434
8,235,434
8,236,434
8,237,434
8,238,434
8,239,434
8,240,434
8,241,434
8,242,434
8,234,435
8,235,435
8,236,435
8,237,435
8,238,435
8,239,435
8,240,435
8,241,435
8,242,435
8,235,436
8,236,436
8,237,436
8,238,436
8,239,436
8,240,436
8,241,436
8,242,436
8,236,437
8,237,437
8,238,437
8,239,437
8,240,437
8,241,437
8,236,438
8,237,438
8,238,438
8,239,438
8,240,438
8,241,438
8,238,439
8,239,439
8,240,439
9,190,302
9,191,302
9,188,303
9,189,303
9,190,303
9,191,303
9,192,303
9,193,303
9,194,303
9,195,303
9,188,304
9,189,304
9,190,304
9,191,304
9,192,304
9,193,304
9,194,304
9,195,304
9,196,304
9,186,305
9,187,305
9,188,305
9,189,305
9,190,305
9,191,305
9,192,305
9,193,305
9,194,305
9,195,305
9,196,305
9,197,305
9,185,306
9,186,306
9,187,306
9,188,306
9,189,306
9,190,306
9,191,306
9,192,306
9,193,306
9,194,306
9,195,306
9,196,306
9,197,306
9,198,306
9,184,307
9,185,307
9,186,307
9,187,307
9,188,307
9,189,307
9,190,307
9,191,307
9,192,307
9,193,307
9,194,307
9,195,307
9,196,307
9,197,307
9,198,307
9,184,308
9,185,308
9,186,308
9,187,308
9,188,308
9,189,308
9,190,308
9,191,308
9,192,308
9,193,308
9,194,308
9,195,308
9,196,308
9,197,308
9,198,308
9,184,309
9,185,309
9,186,309
9,187,309
9,188,309
9,189,309
9,190,309
9,191,309
9,192,309
9,193,309
9,194,309
9,195,309
9,196,309
9,197,309
9,198,309
9,199,309
9,184,310
9,185,310
9,186,310
9,187,310
9,188,310
9,189,310
9,190,310
9,191,310
9,192,310
9,193,310
9,194,310
9,195,310
9,196,310
9,197,310
9,198,310
9,199,310
9,185,311
9,186,311
9,187,311
9,188,311
9,189,311
9,190,311
9,191,311
9,192,311
9,193,311
9,194,311
9,195,311
9,196,311
9,197,311
9,198,311
9,186,312
9,187,312
9,188,312
9,189,312
9,190,312
9,191,312
9,192,312
9,193,312
9,194,312
9,195,312
9,196,312
9,197,312
9,198,312
9,186,313
9,187,313
9,188,313
9,189,313
9,190,313
9,191,313
9,192,313
9,193,313
9,194,313
9,195,313
9,196,313
9,197,313
9,187,314
9,188,314
9,189,314
9,190,314
9,191,314
9,192,314
9,193,314
9,194,314
9,195,314
9,196,314
9,191,315
9,192,315
9,194,315
9,195,315
9,195,316
9,196,316
9,196,317
9,197,317
10,183,110
10,182,111
10,183,111
10,184,111
10,185,111
10,186,111
10,187,111
10,182,112
10,183,112
10,184,112
10,185,112
10,186,112
10,187,112
10,188,112
10,182,113
10,183,113
10,184,113
10,185,113
10,186,113
10,187,113
10,188,113
10,182,114
10,183,114
10,184,114
10,185,114
10,186,114
10,187,114
10,188,114
10,182,115
10,183,115
10,184,115
10,185,115
10,186,115
10,187,115
10,188,115
10,189,115
10,182,116
10,183,116
10,184,116
10,185,116
10,186,116
10,187,116
10,188,116
10,189,116
10,190,116
10,182,117
10,183,117
10,184,117
10,185,117
10,186,117
10,187,117
10,188,117
10,189,117
10,190,117
10,181,118
10,182,118
10,183,118
10,184,118
10,185,118
10,186,118
10,187,118
10,188,118
10,189,118
10,190,118
10,191,118
10,182,119
10,183,119
10,184,119
10,185,119
10,186,119
10,187,119
10,188,119
10,189,119
10,190,119
10,191,119
10,182,120
10,183,120
10,184,120
10,185,120
10,186,120
10,187,120
10,188,120
10,189,120
10,190,120
10,191,120
10,192,120
10,182,121
10,183,121
10,184,121
10,185,121
10,186,121
10,187,121
10,188,121
10,189,121
10,190,121
10,191,121
10,192,121
10,182,122
10,183,122
10,184,122
10,185,122
10,186,122
10,187,122
10,188,122
10,189,122
10,190,122
10,191,122
10,192,122
10,182,123
10,183,123
10,184,123
10,185,123
10,186,123
10,187,123
10,188,123
10,189,123
10,190,123
10,191,123
10,192,123
10,193,123
10,183,124
10,184,124
10,185,124
10,186,124
10,187,124
10,188,124
10,189,124
10,190,124
10,191,124
10,192,124
10,193,124
10,183,125
10,184,125
10,185,125
10,186,125
10,187,125
10,188,125
10,189,125
10,190,125
10,191,125
10,192,125
10,193,125
10,183,126
10,184,126
10,185,126
10,186,126
10,187,126
10,188,126
10,189,126
10,190,126
10,191,126
10,192,126
10,193,126
10,183,127
10,184,127
10,185,127
10,186,127
10,187,127
10,188,127
10,189,127
10,190,127
10,191,127
10,192,127
10,193,127
10,183,128
10,184,128
10,185,128
10,186,128
10,187,128
10,188,128
10,189,128
10,190,128
10,191,128
10,192,128
10,193,128
10,184,129
10,185,129
10,186,129
10,187,129
10,188,129
10,189,129
10,190,129
10,191,129
10,192,129
10,193,129
10,194,129
10,184,130
10,185,130
10,186,130
10,187,130
10,188,130
10,189,130
10,190,130
10,191,130
10,192,130
10,193,130
10,194,130
10,184,131
10,185,131
10,186,131
10,187,131
10,188,131
10,189,131
10,190,131
10,191,131
10,192,131
10,193,131
10,194,131
10,184,132
10,185,132
10,186,132
10,187,132
10,188,132
10,189,132
10,190,132
10,191,132
10,192,132
10,193,132
10,194,132
10,185,133
10,186,133
10,187,133
10,188,133
10,189,133
10,190,133
10,191,133
10,192,133
10,193,133
10,194,133
10,185,134
10,186,134
10,187,134
10,188,134
10,189,134
10,190,134
10,191,134
10,192,134
10,193,134
10,185,135
10,186,135
10,187,135
10,188,135
10,189,135
10,190,135
10,191,135
10,192,135
10,193,135
10,186,136
10,187,136
10,188,136
10,189,136
10,190,136
10,191,136
10,192,136
10,193,136
10,187,137
10,188,137
10,189,137
10,190,137
10,191,137
10,192,137
10,188,138
10,189,138
10,190,138
10,191,138
11,417,239
11,418,239
11,419,239
11,420,239
11,421,239
11,424,239
11,417,240
11,418,240
11,419,240
11,420,240
11,421,240
11,422,240
11,423,240
11,424,240
11,425,240
11,426,240
11,427,240
11,428,240
11,417,241
11,418,241
11,419,241
11,420,241
11,421,241
11,422,241
11,423,241
11,424,241
11,425,241
11,426,241
11,427,241
11,428,241
11,429,241
11,430,241
11,417,242
11,418,242
11,419,242
11,420,242
11,421,242
11,422,242
11,423,242
11,424,242
11,425,242
11,426,242
11,427,242
11,428,242
11,429,242
11,430,242
11,431,242
11,432,242
11,433,242
11,417,243
11,418,243
11,419,243
11,420,243
11,421,243
11,422,243
11,423,243
11,424,243
11,425,243
11,426,243
11,427,243
11,428,243
11,429,243
11,430,243
11,431,243
11,432,243
11,433,243
11,434,243
11,418,244
11,419,244
11,420,244
11,421,244
11,422,244
11,423,244
11,424,244
11,425,244
11,426,244
11,427,244
11,428,244
11,429,244
11,430,244
11,431,244
11,432,244
11,433,244
11,434,244
11,435,244
11,419,245
11,420,245
11,421,245
11,422,245
11,423,245
11,424,245
11,425,245
11,426,245
11,427,245
11,428,245
11,429,245
11,430,245
11,431,245
11,432,245
11,433,245
11,434,245
11,435,245
11,436,245
11,420,246
11,421,246
11,422,246
11,423,246
11,424,246
11,425,246
11,426,246
11,427,246
11,428,246
11,429,246
11,430,246
11,431,246
11,432,246
11,433,246
11,434,246
11,435,246
11,436,246
11,437,246
11,422,247
11,423,247
11,424,247
11,425,247
11,426,247
11,427,247
11,428,247
11,429,247
11,430,247
11,431,247
11,433,247
11,434,247
11,435,247
11,436,247
11,437,247
12,475,188
12,476,188
12,477,188
12,478,188
12,474,189
12,475,189
12,476,189
12,477,189
12,478,189
12,479,189
12,474,190
12,475,190
12,476,190
12,477,190
12,478,190
12,479,190
12,474,191
12,475,191
12,476,191
12,477,191
12,478,191
12,479,191
12,474,192
12,475,192
12,476,192
12,477,192
12,478,192
12,479,192
12,474,193
12,475,193
12,476,193
12,477,193
12,478,193
12,476,194
12,477,194
13,230,127
13,229,128
13,230,128
13,231,128
13,232,128
13,234,128
13,235,128
13,236,128
13,237,128
13,238,128
13,228,129
13,229,129
13,230,129
13,231,129
13,232,129
13,233,129
13,234,129
13,235,129
13,236,129
13,237,129
13,238,129
13,239,129
13,240,129
13,228,130
13,229,130
13,230,130
13,231,130
13,232,130
13,233,130
13,234,130
13,235,130
13,236,130
13,237,130
13,238,130
13,239,130
13,240,130
13,241,130
13,242,130
13,228,131
13,229,131
13,230,131
13,231,131
13,232,131
13,233,131
13,234,131
13,235,131
13,236,131
13,237,131
13,238,131
13,239,131
13,240,131
13,241,131
13,242,131
13,243,131
13,228,132
13,229,132
13,230,132
13,231,132
13,232,132
13,233,132
13,234,132
13,235,132
13,236,132
13,237,132
13,238,132
13,239,132
13,240,132
13,241,132
13,242,132
13,243,132
13,228,133
13,229,133
13,230,133
13,231,133
13,232,133
13,233,133
13,234,133
13,235,133
13,236,133
13,237,133
13,238,133
13,239,133
13,240,133
13,241,133
13,242,133
13,243,133
13,228,134
13,229,134
13,230,134
13,231,134
13,232,134
13,233,134
13,234,134
13,235,134
13,236,134
13,237,134
13,238,134
13,239,134
13,240,134
13,241,134
13,242,134
13,243,134
13,227,135
13,228,135
13,229,135
13,230,135
13,231,135
13,232,135
13,233,135
13,234,135
13,235,135
13,236,135
13,237,135
13,238,135
13,239,135
13,240,135
13,241,135
13,242,135
13,243,135
13,227,136
13,228,136
13,229,136
13,230,136
13,231,136
13,232,136
13,233,136
13,234,136
13,235,136
13,236,136
13,237,136
13,238,136
13,239,136
13,240,136
13,241,136
13,242,136
13,243,136
13,227,137
13,228,137
13,233,137
13,234,137
13,235,137
13,236,137
13,237,137
13,238,137
13,239,137
13,240,137
13,241,137
13,242,137
13,243,137
13,235,138
13,236,138
13,237,138
13,238,138
13,239,138
13,240,138
13,241,138
13,236,139
13,237,139
13,238,139
13,239,139
13,240,139
13,241,139
13,239,140
13,240,140
13,241,140
13,240,141
13,241,141
14,94,283
14,95,283
14,96,283
14,94,284
14,95,284
14,96,284
14,90,285
14,91,285
14,92,285
14,93,285
14,94,285
14,95,285
14,96,285
14,90,286
14,91,286
14,92,286
14,93,286
14,94,286
14,95,286
14,96,286
14,97,286
14,90,287
14,91,287
14,92,287
14,93,287
14,94,287
14,95,287
14,96,287
14,97,287
14,90,288
14,91,288
14,92,288
14,93,288
14,94,288
14,95,288
14,96,288
14,97,288
14,89,289
14,90,289
14,91,289
14,92,289
14,93,289
14,94,289
14,95,289
14,96,289
14,97,289
14,89,290
14,90,290
14,91,290
14,92,290
14,93,290
14,94,290
14,95,290
14,96,290
14,97,290
14,88,291
14,89,291
14,90,291
14,91,291
14,92,291
14,93,291
14,94,291
14,95,291
14,96,291
14,97,291
14,88,292
14,89,292
14,90,292
14,91,292
14,92,292
14,93,292
14,94,292
14,95,292
14,96,292
14,97,292
14,88,293
14,89,293
14,90,293
14,91,293
14,92,293
14,93,293
14,94,293
14,95,293
14,96,293
14,97,293
14,88,294
14,89,294
14,90,294
14,91,294
14,92,294
14,93,294
14,94,294
14,95,294
14,96,294
14,97,294
14,88,295
14,89,295
14,90,295
14,91,295
14,92,295
14,93,295
14,94,295
14,95,295
14,96,295
14,97,295
14,88,296
14,89,296
14,90,296
14,91,296
14,92,296
14,93,296
14,94,296
14,95,296
14,96,296
14,87,297
14,88,297
14,89,297
14,90,297
14,91,297
14,92,297
14,93,297
14,94,297
14,95,297
14,96,297
14,87,298
14,88,298
14,89,298
14,90,298
14,91,298
14,92,298
14,93,298
14,94,298
14,95,298
14,87,299
14,88,299
14,89,299
14,90,299
14,91,299
14,92,299
14,93,299
14,94,299
14,95,299
14,87,300
14,88,300
14,89,300
14,90,300
14,91,300
14,92,300
14,93,300
14,94,300
14,95,300
14,96,300
14,88,301
14,89,301
14,90,301
14,91,301
14,92,301
14,93,301
14,94,301
14,95,301
14,96,301
14,87,302
14,88,302
14,89,302
14,90,302
14,91,302
14,92,302
14,93,302
14,94,302
14,87,303
14,88,303
14,89,303
14,90,303
14,91,303
14,92,303
14,93,303
14,94,303
14,88,304
14,89,304
14,90,304
14,91,304
14,92,304
14,93,304
14,94,304
14,88,305
14,89,305
14,90,305
14,91,305
14,92,305
14,93,305
14,94,305
14,89,306
14,90,306
14,91,306
14,92,306
14,93,306
14,90,307
14,91,307
14,92,307
15,312,270
15,314,270
15,315,270
15,316,270
15,317,270
15,318,270
15,319,270
15,320,270
15,311,271
15,312,271
15,313,271
15,314,271
15,315,271
15,316,271
15,317,271
15,318,271
15,319,271
15,320,271
15,310,272
15,311,272
15,312,272
15,313,272
15,314,272
15,315,272
15,316,272
15,317,272
15,318,272
15,319,272
15,320,272
15,310,273
15,311,273
15,312,273
15,313,273
15,314,273
15,315,273
15,316,273
15,317,273
15,318,273
15,319,273
15,320,273
15,309,274
15,310,274
15,311,274
15,312,274
15,313,274
15,314,274
15,315,274
15,316,274
15,317,274
15,318,274
15,319,274
15,320,274
15,307,275
15,308,275
15,309,275
15,310,275
15,311,275
15,312,275
15,313,275
15,314,275
15,315,275
15,316,275
15,317,275
15,318,275
15,319,275
15,320,275
15,307,276
15,308,276
15,309,276
15,310,276
15,311,276
15,312,276
15,313,276
15,314,276
15,315,276
15,316,276
15,317,276
15,318,276
15,319,276
15,308,277
15,309,277
15,310,277
15,314,277
15,315,277
15,316,277
15,317,277
15,318,277
15,319,277
15,316,278
15,317,278
15,318,278
15,319,278
15,318,279
16,125,263
16,126,263
16,127,263
16,124,264
16,125,264
16,126,264
16,127,264
16,128,264
16,122,265
16,123,265
16,124,265
16,125,265
16,126,265
16,127,265
16,128,265
16,121,266
16,122,266
16,123,266
16,124,266
16,125,266
16,126,266
16,127,266
16,128,266
16,119,267
16,120,267
16,121,267
16,122,267
16,123,267
16,124,267
16,125,267
16,126,267
16,127,267
16,128,267
16,117,268
16,118,268
16,119,268
16,120,268
16,121,268
16,122,268
16,123,268
16,124,268
16,125,268
16,126,268
16,127,268
16,117,269
16,118,269
16,119,269
16,120,269
16,121,269
16,122,269
16,123,269
16,124,269
16,125,269
16,126,269
16,116,270
16,117,270
16,118,270
16,119,270
16,120,270
16,121,270
16,122,270
16,123,270
16,124,270
16,125,270
16,116,271
16,117,271
16,118,271
16,119,271
16,120,271
16,121,271
16,122,271
16,123,271
16,124,271
16,116,272
16,117,272
16,118,272
16,119,272
16,120,272
16,121,272
16,122,272
16,123,272
16,117,273
16,118,273
16,119,273
16,120,273
16,121,273
16,122,273
16,118,274
16,119,274
16,120,274
16,121,274
16,118,275
16,119,275
16,120,275
17,69,412
17,70,412
17,64,413
17,65,413
17,66,413
17,67,413
17,68,413
17,69,413
17,70,413
17,61,414
17,62,414
17,63,414
17,64,414
17,65,414
17,66,414
17,67,414
17,68,414
17,69,414
17,70,414
17,60,415
17,61,415
17,62,415
17,63,415
17,64,415
17,65,415
17,66,415
17,67,415
17,68,415
17,69,415
17,60,416
17,61,416
17,62,416
17,63,416
17,64,416
17,65,416
17,66,416
17,67,416
17,68,416
17,60,417
17,61,417
17,62,417
17,63,417
17,64,417
17,65,417
17,66,417
17,67,417
17,68,417
17,60,418
17,61,418
17,62,418
17,63,418
17,64,418
17,67,418
17,61,419
17,62,419
18,343,202
18,344,202
18,341,203
18,342,203
18,343,203
18,344,203
18,340,204
18,341,204
18,342,204
18,343,204
18,344,204
18,339,205
18,340,205
18,341,205
18,342,205
18,343,205
18,339,206
18,340,206
18,341,206
18,342,206
18,340,207
18,341,207
19,259,208
19,256,209
19,257,209
19,258,209
19,259,209
19,260,209
19,254,210
19,255,210
19,256,210
19,257,210
19,258,210
19,259,210
19,260,210
19,253,211
19,254,211
19,255,211
19,256,211
19,257,211
19,258,211
19,259,211
19,260,211
19,253,212
19,254,212
19,255,212
19,256,212
19,257,212
19,258,212
19,259,212
19,260,212
19,261,212
19,253,213
19,254,213
19,255,213
19,256,213
19,257,213
19,258,213
19,259,213
19,260,213
19,261,213
19,253,214
19,254,214
19,255,214
19,256,214
19,257,214
19,258,214
19,259,214
19,260,214
19,253,215
19,254,215
19,255,215
19,256,215
19,257,215
19,258,215
19,259,215
19,253,216
19,254,216
19,255,216
19,256,216
19,257,216
19,258,216
19,252,217
19,253,217
19,254,217
19,255,217
19,256,217
19,252,218
19,253,218
19,254,218
20,434,227
20,435,227
20,436,227
20,437,227
20,438,227
20,439,227
20,440,227
20,441,227
20,442,227
20,443,227
20,444,227
20,445,227
20,446,227
20,447,227
20,434,228
20,435,228
20,436,228
20,437,228
20,438,228
20,439,228
20,440,228
20,441,228
20,442,228
20,443,228
20,444,228
20,445,228
20,446,228
20,447,228
20,448,228
20,449,228
20,433,229
20,434,229
20,435,229
20,436,229
20,437,229
20,438,229
20,439,229
20,440,229
20,441,229
20,442,229
20,443,229
20,444,229
20,445,229
20,446,229
20,447,229
20,448,229
20,449,229
20,450,229
20,451,229
20,452,229
20,453,229
20,454,229
20,455,229
20,456,229
20,433,230
20,434,230
20,435,230
20,436,230
20,437,230
20,438,230
20,439,230
20,440,230
20,441,230
20,442,230
20,443,230
20,444,230
20,445,230
20,446,230
20,447,230
20,448,230
20,449,230
20,450,230
20,451,230
20,452,230
20,453,230
20,454,230
20,455,230
20,456,230
20,457,230
20,458,230
20,433,231
20,434,231
20,435,231
20,436,231
20,437,231
20,438,231
20,439,231
20,440,231
20,441,231
20,442,231
20,443,231
20,444,231
20,445,231
20,446,231
20,447,231
20,448,231
20,449,231
20,450,231
20,451,231
20,452,231
20,453,231
20,454,231
20,455,231
20,456,231
20,457,231
20,458,231
20,459,231
20,460,231
20,433,232
20,434,232
20,435,232
20,436,232
20,437,232
20,438,232
20,439,232
20,440,232
20,441,232
20,442,232
20,443,232
20,444,232
20,445,232
20,446,232
20,447,232
20,448,232
20,449,232
20,450,232
20,451,232
20,452,232
20,453,232
20,454,232
20,455,232
20,456,232
20,457,232
20,458,232
20,459,232
20,460,232
20,461,232
20,434,233
20,435,233
20,436,233
20,437,233
20,438,233
20,439,233
20,440,233
20,441,233
20,442,233
20,443,233
20,444,233
20,445,233
20,446,233
20,447,233
20,448,233
20,449,233
20,450,233
20,451,233
20,452,233
20,453,233
20,454,233
20,455,233
20,456,233
20,457,233
20,458,233
20,459,233
20,460,233
20,461,233
20,434,234
20,435,234
20,436,234
20,437,234
20,438,234
20,439,234
20,440,234
20,441,234
20,442,234
20,443,234
20,444,234
20,445,234
20,446,234
20,447,234
20,448,234
20,449,234
20,450,234
20,451,234
20,452,234
20,453,234
20,454,234
20,455,234
20,456,234
20,457,234
20,458,234
20,459,234
20,460,234
20,461,234
20,462,234
20,436,235
20,437,235
20,438,235
20,439,235
20,440,235
20,441,235
20,442,235
20,443,235
20,444,235
20,445,235
20,446,235
20,447,235
20,448,235
20,449,235
20,450,235
20,451,235
20,452,235
20,453,235
20,454,235
20,455,235
20,456,235
20,457,235
20,458,235
20,459,235
20,460,235
20,461,235
20,462,235
20,463,235
20,438,236
20,439,236
20,440,236
20,441,236
20,442,236
20,443,236
20,444,236
20,445,236
20,446,236
20,447,236
20,448,236
20,449,236
20,450,236
20,451,236
20,452,236
20,453,236
20,454,236
20,455,236
20,456,236
20,457,236
20,458,236
20,459,236
20,460,236
20,461,236
20,462,236
20,440,237
20,441,237
20,442,237
20,443,237
20,444,237
20,445,237
20,446,237
20,447,237
20,448,237
20,449,237
20,450,237
20,451,237
20,452,237
20,453,237
20,454,237
20,455,237
20,456,237
20,457,237
20,458,237
20,459,237
20,460,237
20,461,237
20,450,238
20,451,238
20,452,238
20,453,238
20,454,238
20,455,238
20,456,238
20,457,238
20,458,238
20,459,238
20,460,238
20,451,239
20,452,239
20,453,239
20,454,239
20,455,239
20,456,239
20,457,239
20,458,239
20,459,239
20,460,239
21,422,189
21,423,189
21,424,189
21,421,190
21,422,190
21,423,190
21,424,190
21,425,190
21,426,190
21,420,191
21,421,191
21,422,191
21,423,191
21,424,191
21,425,191
21,426,191
21,427,191
21,420,192
21,421,192
21,422,192
21,423,192
21,424,192
21,425,192
21,426,192
21,427,192
21,428,192
21,419,193
21,420,193
21,421,193
21,422,193
21,423,193
21,424,193
21,425,193
21,426,193
21,427,193
21,428,193
21,429,193
21,419,194
21,420,194
21,421,194
21,422,194
21,423,194
21,424,194
21,425,194
21,426,194
21,427,194
21,428,194
21,429,194
21,419,195
21,420,195
21,421,195
21,422,195
21,423,195
21,424,195
21,425,195
21,426,195
21,427,195
21,428,195
21,429,195
21,419,196
21,420,196
21,421,196
21,422,196
21,423,196
21,424,196
21,425,196
21,426,196
21,427,196
21,428,196
21,429,196
21,418,197
21,419,197
21,420,197
21,421,197
21,422,197
21,423,197
21,424,197
21,425,197
21,426,197
21,427,197
21,428,197
21,429,197
21,419,198
21,420,198
21,421,198
21,422,198
21,423,198
21,424,198
21,425,198
21,426,198
21,427,198
21,428,198
21,429,198
21,423,199
21,424,199
21,425,199
21,426,199
21,427,199
21,428,199
21,429,199
22,325,225
22,326,225
22,323,226
22,324,226
22,325,226
22,326,226
22,327,226
22,328,226
22,329,226
22,323,227
22,324,227
22,325,227
22,326,227
22,327,227
22,328,227
22,329,227
22,330,227
22,322,228
22,323,228
22,324,228
22,325,228
22,326,228
22,327,228
22,328,228
22,329,228
22,330,228
22,331,228
22,322,229
22,323,229
22,324,229
22,325,229
22,326,229
22,327,229
22,328,229
22,329,229
22,330,229
22,331,229
22,332,229
22,321,230
22,322,230
22,323,230
22,324,230
22,325,230
22,326,230
22,327,230
22,328,230
22,329,230
22,330,230
22,331,230
22,332,230
22,321,231
22,322,231
22,323,231
22,324,231
22,325,231
22,326,231
22,327,231
22,328,231
22,329,231
22,330,231
22,331,231
22,332,231
22,320,232
22,321,232
22,322,232
22,323,232
22,324,232
22,325,232
22,326,232
22,327,232
22,328,232
22,329,232
22,330,232
22,331,232
22,332,232
22,319,233
22,320,233
22,321,233
22,322,233
22,323,233
22,324,233
22,325,233
22,326,233
22,327,233
22,328,233
22,329,233
22,330,233
22,331,233
22,332,233
22,333,233
22,318,234
22,319,234
22,320,234
22,321,234
22,322,234
22,323,234
22,324,234
22,325,234
22,326,234
22,327,234
22,328,234
22,329,234
22,330,234
22,331,234
22,332,234
22,333,234
22,318,235
22,319,235
22,320,235
22,321,235
22,322,235
22,323,235
22,324,235
22,325,235
22,326,235
22,327,235
22,328,235
22,329,235
22,330,235
22,331,235
22,332,235
22,333,235
22,318,236
22,319,236
22,320,236
22,321,236
22,322,236
22,323,236
22,324,236
22,325,236
22,326,236
22,327,236
22,328,236
22,329,236
22,330,236
22,331,236
22,332,236
22,333,236
22,334,236
22,318,237
22,319,237
22,320,237
22,321,237
22,322,237
22,323,237
22,324,237
22,325,237
22,326,237
22,327,237
22,328,237
22,329,237
22,330,237
22,331,237
22,332,237
22,333,237
22,334,237
22,335,237
22,318,238
22,319,238
22,320,238
22,321,238
22,322,238
22,323,238
22,324,238
22,325,238
22,326,238
22,327,238
22,328,238
22,329,238
22,330,238
22,331,238
22,332,238
22,333,238
22,334,238
22,335,238
22,336,238
22,318,239
22,319,239
22,320,239
22,321,239
22,322,239
22,323,239
22,324,239
22,325,239
22,326,239
22,327,239
22,328,239
22,329,239
22,330,239
22,331,239
22,332,239
22,333,239
22,334,239
22,335,239
22,336,239
22,337,239
22,318,240
22,319,240
22,320,240
22,321,240
22,322,240
22,323,240
22,324,240
22,325,240
22,326,240
22,327,240
22,328,240
22,329,240
22,330,240
22,331,240
22,332,240
22,333,240
22,334,240
22,335,240
22,336,240
22,337,240
22,319,241
22,320,241
22,321,241
22,322,241
22,323,241
22,324,241
22,325,241
22,326,241
22,327,241
22,328,241
22,329,241
22,330,241
22,331,241
22,332,241
22,333,241
22,334,241
22,335,241
22,336,241
22,337,241
22,319,242
22,320,242
22,321,242
22,322,242
22,323,242
22,324,242
22,325,242
22,326,242
22,327,242
22,328,242
22,329,242
22,330,242
22,331,242
22,332,242
22,333,242
22,334,242
22,335,242
22,336,242
22,320,243
22,321,243
22,322,243
22,323,243
22,324,243
22,325,243
22,326,243
22,327,243
22,328,243
22,329,243
22,330,243
22,331,243
22,332,243
22,333,243
22,334,243
22,320,244
22,321,244
22,322,244
22,323,244
22,324,244
22,325,244
22,326,244
22,327,244
22,328,244
22,329,244
22,330,244
22,331,244
22,332,244
22,333,244
22,320,245
22,321,245
22,322,245
22,323,245
22,324,245
22,325,245
22,326,245
22,327,245
22,328,245
22,329,245
22,330,245
22,331,245
22,332,245
22,321,246
22,322,246
22,323,246
22,324,246
22,325,246
22,326,246
22,327,246
22,328,246
22,329,246
22,330,246
22,331,246
22,322,247
22,323,247
22,324,247
22,325,247
22,326,247
22,327,247
22,328,247
22,329,247
22,330,247
22,323,248
22,324,248
22,325,248
22,326,248
22,327,248
22,328,248
23,356,153
23,357,153
23,356,154
23,357,154
23,358,154
23,359,154
23,360,154
23,361,154
23,362,154
23,363,154
23,355,155
23,356,155
23,357,155
23,358,155
23,359,155
23,360,155
23,361,155
23,362,155
23,363,155
23,364,155
23,355,156
23,356,156
23,357,156
23,358,156
23,359,156
23,360,156
23,361,156
23,362,156
23,363,156
23,364,156
23,365,156
23,355,157
23,356,157
23,357,157
23,358,157
23,359,157
23,360,157
23,361,157
23,362,157
23,363,157
23,364,157
23,365,157
23,354,158
23,355,158
23,356,158
23,357,158
23,358,158
23,359,158
23,360,158
23,361,158
23,362,158
23,363,158
23,364,158
23,365,158
23,354,159
23,355,159
23,356,159
23,357,159
23,358,159
23,359,159
23,360,159
23,361,159
23,362,159
23,363,159
23,364,159
23,365,159
23,354,160
23,355,160
23,356,160
23,357,160
23,358,160
23,359,160
23,360,160
23,361,160
23,362,160
23,363,160
23,364,160
23,365,160
23,353,161
23,354,161
23,355,161
23,356,161
23,357,161
23,358,161
23,359,161
23,360,161
23,361,161
23,362,161
23,363,161
23,364,161
23,353,162
23,354,162
23,355,162
23,356,162
23,357,162
23,358,162
23,359,162
23,360,162
23,361,162
23,362,162
23,363,162
23,364,162
23,353,163
23,354,163
23,355,163
23,356,163
23,357,163
23,358,163
23,359,163
23,360,163
23,361,163
23,362,163
23,363,163
23,364,163
23,366,163
23,353,164
23,354,164
23,355,164
23,356,164
23,357,164
23,358,164
23,359,164
23,360,164
23,361,164
23,362,164
23,363,164
23,364,164
23,365,164
23,366,164
23,367,164
23,353,165
23,354,165
23,355,165
23,356,165
23,357,165
23,358,165
23,359,165
23,360,165
23,361,165
23,362,165
23,363,165
23,364,165
23,365,165
23,366,165
23,367,165
23,353,166
23,354,166
23,355,166
23,356,166
23,357,166
23,358,166
23,359,166
23,360,166
23,361,166
23,362,166
23,363,166
23,364,166
23,365,166
23,366,166
23,367,166
23,354,167
23,355,167
23,356,167
23,357,167
23,358,167
23,359,167
23,360,167
23,361,167
23,362,167
23,363,167
23,364,167
23,365,167
23,354,168
23,355,168
23,356,168
23,357,168
23,358,168
23,359,168
23,360,168
23,361,168
23,362,168
23,363,168
23,364,168
23,356,169
23,357,169
23,358,169
23,359,169
23,360,169
23,361,169
23,362,169
23,363,169
23,364,169
23,358,170
23,359,170
23,360,170
23,361,170
23,362,170
23,363,170
23,364,170
23,361,171
23,362,171
24,43,386
24,44,386
24,45,386
24,46,386
24,47,386
24,42,387
24,43,387
24,44,387
24,45,387
24,46,387
24,47,387
24,48,387
24,41,388
24,42,388
24,43,388
24,44,388
24,45,388
24,46,388
24,47,388
24,48,388
24,41,389
24,42,389
24,43,389
24,44,389
24,45,389
24,46,389
24,47,389
24,32,390
24,33,390
24,40,390
24,41,390
24,42,390
24,43,390
24,44,390
24,45,390
24,46,390
24,31,391
24,32,391
24,33,391
24,34,391
24,35,391
24,36,391
24,37,391
24,38,391
24,39,391
24,40,391
24,41,391
24,42,391
24,43,391
24,44,391
24,45,391
24,31,392
24,32,392
24,33,392
24,34,392
24,35,392
24,36,392
24,37,392
24,38,392
24,39,392
24,40,392
24,41,392
24,42,392
24,43,392
24,44,392
24,45,392
24,31,393
24,32,393
24,33,393
24,34,393
24,35,393
24,36,393
24,37,393
24,38,393
24,39,393
24,40,393
24,41,393
24,42,393
24,43,393
24,44,393
24,31,394
24,32,394
24,33,394
24,34,394
24,35,394
24,36,394
24,37,394
24,38,394
24,39,394
24,40,394
24,41,394
24,42,394
24,43,394
24,31,395
24,32,395
24,33,395
24,34,395
24,35,395
24,36,395
24,37,395
24,38,395
24,39,395
24,40,395
24,41,395
24,42,395
24,43,395
24,44,395
24,31,396
24,32,396
24,33,396
24,34,396
24,35,396
24,36,396
24,37,396
24,38,396
24,39,396
24,40,396
24,41,396
24,42,396
24,43,396
24,44,396
24,30,397
24,31,397
24,32,397
24,33,397
24,34,397
24,35,397
24,36,397
24,37,397
24,38,397
24,39,397
24,40,397
24,41,397
24,42,397
24,43,397
24,44,397
24,45,397
24,30,398
24,31,398
24,32,398
24,33,398
24,34,398
24,35,398
24,36,398
24,37,398
24,38,398
24,39,398
24,40,398
24,41,398
24,42,398
24,43,398
24,44,398
24,45,398
24,31,399
24,32,399
24,33,399
24,34,399
24,35,399
24,36,399
24,37,399
24,38,399
24,39,399
24,40,399
24,41,399
24,42,399
24,43,399
24,44,399
24,45,399
24,46,399
24,32,400
24,33,400
24,34,400
24,35,400
24,36,400
24,37,400
24,38,400
24,39,400
24,40,400
24,41,400
24,42,400
24,43,400
24,44,400
24,45,400
24,46,400
24,33,401
24,34,401
24,35,401
24,36,401
24,37,401
24,38,401
24,39,401
24,40,401
24,41,401
24,42,401
24,43,401
24,44,401
24,45,401
24,46,401
24,47,401
24,34,402
24,35,402
24,36,402
24,37,402
24,38,402
24,39,402
24,40,402
24,41,402
24,42,402
24,43,402
24,44,402
24,45,402
24,46,402
24,47,402
24,35,403
24,36,403
24,37,403
24,38,403
24,39,403
24,40,403
24,41,403
24,42,403
24,43,403
24,44,403
24,45,403
24,46,403
24,47,403
24,48,403
24,36,404
24,37,404
24,38,404
24,39,404
24,40,404
24,41,404
24,42,404
24,43,404
24,44,404
24,45,404
24,46,404
24,47,404
24,48,404
24,49,404
24,36,405
24,37,405
24,38,405
24,39,405
24,40,405
24,41,405
24,42,405
24,43,405
24,44,405
24,45,405
24,46,405
24,47,405
24,48,405
24,49,405
24,50,405
24,37,406
24,38,406
24,39,406
24,40,406
24,41,406
24,42,406
24,43,406
24,44,406
24,45,406
24,46,406
24,47,406
24,48,406
24,49,406
24,50,406
24,38,407
24,39,407
24,40,407
24,41,407
24,42,407
24,43,407
24,44,407
24,45,407
24,46,407
24,47,407
24,48,407
24,49,407
24,50,407
24,51,407
24,39,408
24,40,408
24,41,408
24,42,408
24,43,408
24,44,408
24,45,408
24,46,408
24,47,408
24,48,408
24,49,408
24,50,408
24,51,408
24,39,409
24,40,409
24,41,409
24,42,409
24,43,409
24,44,409
24,45,409
24,46,409
24,47,409
24,48,409
24,49,409
24,50,409
24,51,409
24,52,409
24,40,410
24,41,410
24,42,410
24,43,410
24,44,410
24,45,410
24,46,410
24,47,410
24,48,410
24,49,410
24,50,410
24,51,410
24,41,411
24,42,411
24,43,411
24,44,411
24,45,411
24,46,411
24,47,411
24,48,411
24,49,411
24,50,411
24,42,412
24,43,412
24,44,412
24,45,412
24,46,412
24,47,412
24,48,412
24,49,412
24,50,412
24,42,413
24,43,413
24,44,413
24,45,413
24,46,413
24,47,413
24,48,413
24,49,413
24,43,414
24,44,414
24,45,414
24,46,414
24,47,414
24,48,414
24,49,414
24,44,415
24,45,415
24,46,415
24,47,415
24,48,415
25,275,287
25,276,287
25,277,287
25,272,288
25,273,288
25,274,288
25,275,288
25,276,288
25,277,288
25,278,288
25,271,289
25,272,289
25,273,289
25,274,289
25,275,289
25,276,289
25,277,289
25,278,289
25,279,289
25,270,290
25,271,290
25,272,290
25,273,290
25,274,290
25,275,290
25,276,290
25,277,290
25,278,290
25,269,291
25,270,291
25,271,291
25,272,291
25,273,291
25,274,291
25,275,291
25,276,291
25,277,291
25,278,291
25,279,291
25,268,292
25,269,292
25,270,292
25,271,292
25,272,292
25,273,292
25,274,292
25,275,292
25,276,292
25,277,292
25,278,292
25,268,293
25,269,293
25,270,293
25,271,293
25,272,293
25,273,293
25,274,293
25,275,293
25,276,293
25,277,293
25,278,293
25,279,293
25,267,294
25,268,294
25,269,294
25,270,294
25,271,294
25,272,294
25,273,294
25,274,294
25,275,294
25,276,294
25,277,294
25,278,294
25,279,294
25,267,295
25,268,295
25,269,295
25,270,295
25,271,295
25,272,295
25,273,295
25,274,295
25,275,295
25,276,295
25,277,295
25,278,295
25,279,295
25,280,295
25,267,296
25,268,296
25,269,296
25,270,296
25,271,296
25,272,296
25,273,296
25,274,296
25,275,296
25,276,296
25,277,296
25,278,296
25,279,296
25,280,296
25,268,297
25,269,297
25,270,297
25,271,297
25,272,297
25,273,297
25,274,297
25,275,297
25,276,297
25,277,297
25,278,297
25,279,297
25,280,297
25,268,298
25,269,298
25,270,298
25,271,298
25,272,298
25,273,298
25,274,298
25,275,298
25,276,298
25,277,298
25,278,298
25,279,298
25,280,298
25,269,299
25,270,299
25,271,299
25,272,299
25,273,299
25,274,299
25,275,299
25,276,299
25,277,299
25,278,299
25,279,299
25,280,299
25,269,300
25,270,300
25,271,300
25,272,300
25,273,300
25,274,300
25,275,300
25,276,300
25,277,300
25,278,300
25,279,300
25,280,300
25,269,301
25,270,301
25,271,301
25,272,301
25,273,301
25,274,301
25,275,301
25,276,301
25,277,301
25,278,301
25,279,301
25,280,301
25,270,302
25,271,302
25,272,302
25,273,302
25,274,302
25,275,302
25,276,302
25,277,302
25,278,302
25,279,302
25,271,303
25,272,303
25,273,303
25,274,303
25,275,303
25,276,303
25,277,303
25,278,303
25,272,304
25,273,304
25,274,304
25,275,304
25,276,304
25,277,304
25,273,305
25,274,305
25,275,305
25,276,305
26,4,312
26,5,312
26,6,312
26,3,313
26,4,313
26,5,313
26,3,314
26,4,314
26,5,314
26,3,315
26,4,315
26,5,315
26,3,316
26,4,316
26,5,316
26,6,316
26,3,317
26,4,317
26,5,317
26,6,317
26,3,318
26,4,318
26,5,318
26,3,319
26,4,319
26,5,319
26,3,320
26,4,320
26,5,320
26,3,321
26,4,321
26,5,321
26,3,322
26,3,323
27,161,419
27,162,419
27,154,420
27,155,420
27,156,420
27,157,420
27,158,420
27,159,420
27,160,420
27,161,420
27,162,420
27,153,421
27,154,421
27,155,421
27,156,421
27,157,421
27,158,421
27,159,421
27,160,421
27,161,421
27,162,421
27,163,421
27,153,422
27,154,422
27,155,422
27,156,422
27,157,422
27,158,422
27,159,422
27,160,422
27,161,422
27,162,422
27,163,422
27,164,422
27,165,422
27,166,422
27,153,423
27,154,423
27,155,423
27,156,423
27,157,423
27,158,423
27,159,423
27,160,423
27,161,423
27,162,423
27,163,423
27,164,423
27,165,423
27,166,423
27,153,424
27,154,424
27,155,424
27,156,424
27,157,424
27,158,424
27,159,424
27,160,424
27,161,424
27,162,424
27,163,424
27,164,424
27,165,424
27,153,425
27,154,425
27,155,425
27,156,425
27,157,425
27,158,425
27,159,425
27,160,425
27,161,425
27,162,425
27,163,425
27,164,425
27,154,426
27,155,426
27,156,426
27,157,426
27,158,426
27,159,426
27,160,426
27,161,426
27,162,426
27,163,426
27,155,427
27,156,427
27,157,427
27,158,427
27,159,427
27,160,427
27,161,427
27,162,427
27,157,428
27,158,428
28,200,247
28,201,247
28,202,247
28,203,247
28,204,247
28,207,247
28,208,247
28,199,248
28,200,248
28,201,248
28,202,248
28,203,248
28,204,248
28,205,248
28,206,248
28,207,248
28,208,248
28,209,248
28,210,248
28,211,248
28,198,249
28,199,249
28,200,249
28,201,249
28,202,249
28,203,249
28,204,249
28,205,249
28,206,249
28,207,249
28,208,249
28,209,249
28,210,249
28,211,249
28,212,249
28,213,249
28,198,250
28,199,250
28,200,250
28,201,250
28,202,250
28,203,250
28,204,250
28,205,250
28,206,250
28,207,250
28,208,250
28,209,250
28,210,250
28,211,250
28,212,250
28,213,250
28,214,250
28,215,250
28,216,250
28,198,251
28,199,251
28,200,251
28,201,251
28,202,251
28,203,251
28,204,251
28,205,251
28,206,251
28,207,251
28,208,251
28,209,251
28,210,251
28,211,251
28,212,251
28,213,251
28,214,251
28,215,251
28,216,251
28,198,252
28,199,252
28,200,252
28,201,252
28,202,252
28,203,252
28,204,252
28,205,252
28,206,252
28,207,252
28,208,252
28,209,252
28,210,252
28,211,252
28,212,252
28,213,252
28,214,252
28,215,252
28,216,252
28,199,253
28,200,253
28,201,253
28,202,253
28,203,253
28,204,253
28,205,253
28,206,253
28,207,253
28,208,253
28,209,253
28,210,253
28,211,253
28,212,253
28,213,253
28,214,253
28,215,253
28,216,253
28,217,253
28,199,254
28,200,254
28,201,254
28,202,254
28,203,254
28,204,254
28,205,254
28,206,254
28,207,254
28,208,254
28,209,254
28,210,254
28,211,254
28,212,254
28,213,254
28,214,254
28,215,254
28,216,254
28,217,254
28,201,255
28,202,255
28,203,255
28,204,255
28,205,255
28,206,255
28,207,255
28,208,255
28,209,255
28,210,255
28,211,255
28,212,255
28,213,255
28,214,255
28,215,255
28,216,255
28,202,256
28,203,256
28,204,256
28,205,256
28,206,256
28,207,256
28,208,256
28,209,256
28,210,256
28,211,256
28,212,256
28,213,256
28,214,256
28,215,256
28,203,257
28,204,257
28,205,257
28,206,257
28,207,257
28,208,257
28,209,257
28,210,257
28,211,257
28,212,257
28,213,257
28,214,257
28,206,258
28,207,258
28,208,258
28,209,258
28,210,258
28,211,258
28,212,258
28,209,259
29,228,295
29,225,296
29,226,296
29,227,296
29,228,296
29,229,296
29,230,296
29,225,297
29,226,297
29,227,297
29,228,297
29,229,297
29,230,297
29,231,297
29,224,298
29,225,298
29,226,298
29,227,298
29,228,298
29,229,298
29,230,298
29,231,298
29,223,299
29,224,299
29,225,299
29,226,299
29,227,299
29,228,299
29,229,299
29,230,299
29,231,299
29,222,300
29,223,300
29,224,300
29,225,300
29,226,300
29,227,300
29,228,300
29,229,300
29,230,300
29,231,300
29,232,300
29,222,301
29,223,301
29,224,301
29,225,301
29,226,301
29,227,301
29,228,301
29,229,301
29,230,301
29,231,301
29,232,301
29,222,302
29,223,302
29,224,302
29,225,302
29,226,302
29,227,302
29,228,302
29,229,302
29,230,302
29,231,302
29,232,302
29,222,303
29,223,303
29,224,303
29,225,303
29,226,303
29,227,303
29,228,303
29,229,303
29,230,303
29,231,303
29,222,304
29,223,304
29,224,304
29,225,304
29,226,304
29,227,304
29,228,304
29,229,304
29,230,304
29,231,304
29,222,305
29,223,305
29,224,305
29,225,305
29,226,305
29,227,305
29,228,305
29,229,305
29,230,305
29,231,305
29,224,306
29,225,306
29,226,306
29,227,306
29,228,306
29,229,306
29,230,306
29,225,307
29,226,307
29,227,307
29,228,307
30,66,330
30,67,330
30,65,331
30,66,331
30,67,331
30,68,331
30,69,331
30,64,332
30,65,332
30,66,332
30,67,332
30,68,332
30,69,332
30,70,332
30,63,333
30,64,333
30,65,333
30,66,333
30,67,333
30,68,333
30,69,333
30,70,333
30,71,333
30,62,334
30,63,334
30,64,334
30,65,334
30,66,334
30,67,334
30,68,334
30,69,334
30,70,334
30,71,334
30,62,335
30,63,335
30,64,335
30,65,335
30,66,335
30,67,335
30,68,335
30,69,335
30,70,335
30,71,335
30,63,336
30,64,336
30,65,336
30,66,336
30,67,336
30,68,336
30,69,336
30,70,336
30,63,337
30,64,337
30,65,337
30,66,337
30,67,337
30,68,337
30,69,337
30,64,338
30,65,338
30,66,338
30,67,338
30,68,338
30,65,339
30,66,339
30,67,339
31,68,488
31,69,488
31,68,489
31,69,489
31,70,489
31,67,490
31,68,490
31,69,490
31,70,490
31,71,490
31,72,490
31,73,490
31,67,491
31,68,491
31,69,491
31,70,491
31,71,491
31,72,491
31,73,491
31,66,492
31,67,492
31,68,492
31,69,492
31,70,492
31,71,492
31,72,492
31,73,492
31,74,492
31,75,492
31,76,492
31,64,493
31,65,493
31,66,493
31,67,493
31,68,493
31,69,493
31,70,493
31,71,493
31,72,493
31,73,493
31,74,493
31,75,493
31,76,493
31,64,494
31,65,494
31,66,494
31,67,494
31,68,494
31,69,494
31,70,494
31,71,494
31,72,494
31,73,494
31,74,494
31,75,494
31,76,494
31,63,495
31,64,495
31,65,495
31,66,495
31,67,495
31,68,495
31,69,495
31,70,495
31,71,495
31,72,495
31,73,495
31,74,495
31,75,495
31,76,495
31,63,496
31,64,496
31,65,496
31,66,496
31,67,496
31,68,496
31,69,496
31,70,496
31,71,496
31,72,496
31,73,496
31,74,496
31,75,496
31,76,496
31,77,496
31,63,497
31,64,497
31,65,497
31,66,497
31,67,497
31,68,497
31,69,497
31,70,497
31,71,497
31,72,497
31,73,497
31,74,497
31,75,497
31,76,497
31,77,497
31,78,497
31,63,498
31,64,498
31,65,498
31,66,498
31,67,498
31,68,498
31,69,498
31,70,498
31,71,498
31,72,498
31,73,498
31,74,498
31,75,498
31,76,498
31,63,499
31,64,499
31,65,499
31,66,499
31,67,499
31,68,499
31,69,499
31,70,499
31,71,499
31,72,499
31,63,500
31,64,500
31,65,500
31,66,500
31,67,500
31,68,500
31,69,500
31,70,500
31,72,500
31,63,501
31,64,501
31,65,501
31,66,501
31,67,501
31,68,501
31,69,501
31,63,502
31,64,502
31,65,502
31,66,502
31,67,502
31,68,502
31,69,502
31,64,503
31,65,503
31,66,503
31,67,503
31,68,503
31,64,504
31,65,504
31,66,504
31,67,504
31,68,504
31,64,505
31,65,505
31,66,505
31,67,505
31,65,506
31,66,506
31,67,506
31,66,507
31,67,507
32,170,327
32,168,328
32,169,328
32,170,328
32,171,328
32,172,328
32,168,329
32,169,329
32,170,329
32,171,329
32,172,329
32,173,329
32,174,329
32,175,329
32,168,330
32,169,330
32,170,330
32,171,330
32,172,330
32,173,330
32,174,330
32,175,330
32,176,330
32,168,331
32,169,331
32,170,331
32,171,331
32,172,331
32,173,331
32,174,331
32,175,331
32,176,331
32,168,332
32,169,332
32,170,332
32,171,332
32,172,332
32,173,332
32,174,332
32,175,332
32,176,332
32,168,333
32,169,333
32,170,333
32,171,333
32,172,333
32,173,333
32,174,333
32,175,333
32,176,333
32,167,334
32,168,334
32,169,334
32,170,334
32,171,334
32,172,334
32,173,334
32,174,334
32,175,334
32,176,334
32,167,335
32,168,335
32,169,335
32,170,335
32,171,335
32,172,335
32,173,335
32,174,335
32,175,335
32,176,335
32,167,336
32,168,336
32,169,336
32,170,336
32,171,336
32,172,336
32,173,336
32,174,336
32,168,337
32,169,337
32,170,337
32,171,337
32,172,337
32,173,337
32,168,338
32,169,338
32,170,338
32,171,338
32,172,338
32,173,338
32,168,339
32,169,339
32,170,339
32,171,339
32,172,339
32,168,340
32,169,340
32,170,340
32,171,340
33,170,387
33,171,387
33,172,387
33,170,388
33,171,388
33,172,388
33,173,388
33,170,389
33,171,389
33,172,389
33,173,389
33,174,389
33,169,390
33,170,390
33,171,390
33,172,390
33,173,390
33,174,390
33,175,390
33,167,391
33,168,391
33,169,391
33,170,391
33,171,391
33,172,391
33,173,391
33,174,391
33,175,391
33,176,391
33,167,392
33,168,392
33,169,392
33,170,392
33,171,392
33,172,392
33,173,392
33,174,392
33,175,392
33,176,392
33,167,393
33,168,393
33,169,393
33,170,393
33,171,393
33,172,393
33,173,393
33,174,393
33,175,393
33,176,393
33,168,394
33,169,394
33,170,394
33,171,394
33,172,394
33,173,394
33,174,394
33,175,394
33,176,394
33,168,395
33,169,395
33,170,395
33,171,395
33,172,395
33,173,395
33,174,395
33,175,395
33,176,395
33,168,396
33,169,396
33,170,396
33,171,396
33,172,396
33,173,396
33,174,396
33,175,396
33,168,397
33,169,397
33,170,397
33,173,397
33,174,397
34,258,108
34,259,108
34,260,108
34,261,108
34,262,108
34,263,108
34,258,109
34,259,109
34,260,109
34,261,109
34,262,109
34,263,109
34,264,109
34,258,110
34,259,110
34,260,110
34,261,110
34,262,110
34,263,110
34,264,110
34,265,110
34,266,110
34,258,111
34,259,111
34,260,111
34,261,111
34,262,111
34,263,111
34,264,111
34,265,111
34,266,111
34,267,111
34,258,112
34,259,112
34,260,112
34,261,112
34,262,112
34,263,112
34,264,112
34,265,112
34,266,112
34,267,112
34,268,112
34,259,113
34,260,113
34,261,113
34,262,113
34,263,113
34,264,113
34,265,113
34,266,113
34,267,113
34,268,113
34,269,113
34,260,114
34,261,114
34,262,114
34,263,114
34,264,114
34,265,114
34,266,114
34,267,114
34,268,114
34,269,114
34,260,115
34,261,115
34,262,115
34,263,115
34,264,115
34,265,115
34,266,115
34,267,115
34,268,115
34,269,115
34,261,116
34,262,116
34,263,116
34,264,116
34,265,116
34,266,116
34,267,116
34,268,116
34,269,116
34,270,116
34,261,117
34,262,117
34,263,117
34,264,117
34,265,117
34,266,117
34,267,117
34,268,117
34,269,117
34,270,117
34,261,118
34,262,118
34,263,118
34,264,118
34,265,118
34,266,118
34,267,118
34,268,118
34,269,118
34,270,118
34,271,118
34,261,119
34,262,119
34,263,119
34,264,119
34,265,119
34,266,119
34,267,119
34,268,119
34,269,119
34,270,119
34,271,119
34,260,120
34,261,120
34,262,120
34,263,120
34,264,120
34,265,120
34,266,120
34,267,120
34,268,120
34,269,120
34,270,120
34,271,120
34,272,120
34,260,121
34,261,121
34,262,121
34,263,121
34,264,121
34,265,121
34,266,121
34,267,121
34,268,121
34,269,121
34,270,121
34,271,121
34,272,121
34,273,121
34,261,122
34,262,122
34,263,122
34,264,122
34,265,122
34,266,122
34,267,122
34,268,122
34,269,122
34,270,122
34,271,122
34,272,122
34,273,122
34,263,123
34,264,123
34,265,123
34,266,123
34,267,123
34,268,123
34,269,123
34,270,123
34,271,123
34,272,123
34,273,123
34,263,124
34,264,124
34,265,124
34,266,124
34,267,124
34,268,124
34,269,124
34,270,124
34,271,124
34,272,124
34,263,125
34,264,125
34,265,125
34,266,125
34,267,125
34,268,125
34,269,125
34,270,125
34,271,125
34,264,126
34,265,126
34,266,126
34,267,126
34,268,126
34,269,126
34,270,126
34,271,126
34,264,127
34,265,127
34,266,127
34,267,127
34,268,127
34,269,127
34,270,127
34,265,128
34,266,128
34,267,128
34,268,128
34,269,128
34,270,128
34,266,129
34,267,129
34,268,129
34,269,129
34,267,130
34,268,130
35,268,132
35,269,132
35,270,132
35,268,133
35,269,133
35,270,133
35,271,133
35,268,134
35,269,134
35,270,134
35,271,134
35,268,135
35,269,135
35,270,135
35,271,135
35,269,136
35,270,136
35,271,136
35,270,137
36,376,191
36,377,191
36,375,192
36,376,192
36,377,192
36,378,192
36,374,193
36,375,193
36,376,193
36,377,193
36,378,193
36,374,194
36,375,194
36,376,194
36,377,194
36,378,194
36,373,195
36,374,195
36,375,195
36,376,195
36,377,195
36,378,195
36,379,195
36,373,196
36,374,196
36,375,196
36,376,196
36,377,196
36,378,196
36,379,196
36,373,197
36,374,197
36,375,197
36,376,197
36,377,197
36,378,197
36,375,198
37,187,202
37,188,202
37,185,203
37,186,203
37,187,203
37,188,203
37,184,204
37,185,204
37,186,204
37,187,204
37,184,205
37,185,205
37,186,205
37,184,206
37,185,206
37,186,206
37,184,207
37,185,207
38,432,205
38,433,205
38,434,205
38,430,206
38,431,206
38,432,206
38,433,206
38,434,206
38,429,207
38,430,207
38,431,207
38,432,207
38,433,207
38,434,207
38,435,207
38,428,208
38,429,208
38,430,208
38,431,208
38,432,208
38,433,208
38,434,208
38,435,208
38,427,209
38,428,209
38,429,209
38,430,209
38,431,209
38,432,209
38,433,209
38,434,209
38,435,209
38,427,210
38,428,210
38,429,210
38,430,210
38,431,210
38,432,210
38,433,210
38,434,210
38,435,210
38,427,211
38,428,211
38,429,211
38,430,211
38,431,211
38,432,211
38,433,211
38,434,211
38,427,212
38,428,212
38,429,212
38,430,212
38,431,212
38,432,212
38,433,212
38,426,213
38,427,213
38,428,213
38,429,213
38,430,213
38,431,213
38,422,214
38,423,214
38,424,214
38,425,214
38,426,214
38,427,214
38,428,214
38,429,214
38,430,214
38,421,215
38,422,215
38,423,215
38,424,215
38,425,215
38,426,215
38,420,216
38,421,216
38,422,216
38,423,216
38,424,216
38,425,216
38,426,216
38,420,217
38,421,217
38,422,217
38,423,217
38,424,217
38,425,217
38,419,218
38,420,218
38,421,218
38,422,218
38,423,218
38,424,218
38,420,219
38,421,219
38,422,219
38,423,219
39,273,156
39,274,156
39,275,156
39,276,156
39,277,156
39,278,156
39,271,157
39,272,157
39,273,157
39,274,157
39,275,157
39,276,157
39,277,157
39,278,157
39,279,157
39,280,157
39,269,158
39,270,158
39,271,158
39,272,158
39,273,158
39,274,158
39,275,158
39,276,158
39,277,158
39,278,158
39,279,158
39,280,158
39,281,158
39,266,159
39,267,159
39,268,159
39,269,159
39,270,159
39,271,159
39,272,159
39,273,159
39,274,159
39,275,159
39,276,159
39,277,159
39,278,159
39,279,159
39,280,159
39,281,159
39,266,160
39,267,160
39,268,160
39,269,160
39,270,160
39,271,160
39,272,160
39,273,160
39,274,160
39,275,160
39,276,160
39,277,160
39,278,160
39,279,160
39,280,160
39,281,160
39,265,161
39,266,161
39,267,161
39,268,161
39,269,161
39,270,161
39,271,161
39,272,161
39,273,161
39,274,161
39,275,161
39,276,161
39,277,161
39,278,161
39,279,161
39,267,162
39,268,162
39,269,162
39,270,162
39,271,162
39,272,162
39,273,162
39,274,162
39,275,162
39,276,162
39,277,162
41,468,5
41,469,5
41,466,6
41,467,6
41,468,6
41,469,6
41,470,6
41,471,6
41,465,7
41,466,7
41,467,7
41,468,7
41,469,7
41,470,7
41,471,7
41,472,7
41,464,8
41,465,8
41,466,8
41,467,8
41,468,8
41,469,8
41,470,8
41,471,8
41,472,8
41,463,9
41,464,9
41,465,9
41,466,9
41,467,9
41,468,9
41,469,9
41,470,9
41,471,9
41,472,9
41,473,9
41,462,10
41,463,10
41,464,10
41,465,10
41,466,10
41,467,10
41,468,10
41,469,10
41,470,10
41,471,10
41,472,10
41,473,10
41,474,10
41,462,11
41,463,11
41,464,11
41,465,11
41,466,11
41,467,11
41,468,11
41,469,11
41,470,11
41,471,11
41,472,11
41,473,11
41,474,11
41,463,12
41,464,12
41,465,12
41,466,12
41,467,12
41,468,12
41,469,12
41,470,12
41,471,12
41,472,12
41,473,12
41,474,12
41,463,13
41,464,13
41,465,13
41,466,13
41,467,13
41,468,13
41,469,13
41,470,13
41,471,13
41,472,13
41,473,13
41,474,13
41,464,14
41,465,14
41,466,14
41,467,14
41,468,14
41,469,14
41,470,14
41,471,14
41,472,14
41,473,14
41,474,14
41,466,15
41,467,15
41,468,15
41,469,15
41,470,15
41,471,15
41,472,15
41,473,15
41,469,16
41,470,16
41,471,16
42,458,129
42,457,130
42,458,130
42,459,130
42,457,131
42,458,131
42,459,131
42,457,132
42,458,132
42,459,132
42,457,133
42,458,133
42,459,133
42,460,133
42,456,134
42,457,134
42,458,134
42,459,134
42,460,134
42,456,135
42,457,135
42,458,135
42,459,135
42,460,135
42,461,135
42,456,136
42,457,136
42,458,136
42,459,136
42,460,136
42,461,136
42,456,137
42,457,137
42,458,137
42,459,137
42,460,137
42,461,137
42,462,137
42,456,138
42,457,138
42,458,138
42,459,138
42,460,138
42,461,138
42,462,138
42,456,139
42,457,139
42,458,139
42,459,139
42,460,139
42,461,139
42,456,140
42,457,140
42,458,140
42,459,140
42,460,140
44,245,236
44,246,236
44,247,236
44,248,236
44,243,237
44,244,237
44,245,237
44,246,237
44,247,237
44,248,237
44,241,238
44,242,238
44,243,238
44,244,238
44,245,238
44,246,238
44,247,238
44,248,238
44,240,239
44,241,239
44,242,239
44,243,239
44,244,239
44,245,239
44,246,239
44,247,239
44,239,240
44,240,240
44,241,240
44,242,240
44,243,240
44,244,240
44,245,240
44,246,240
44,247,240
44,248,240
44,239,241
44,240,241
44,241,241
44,242,241
44,243,241
44,244,241
44,245,241
44,246,241
44,247,241
44,248,241
44,239,242
44,240,242
44,241,242
44,242,242
44,243,242
44,244,242
44,245,242
44,246,242
44,241,243
44,242,243
44,243,243
44,244,243
44,242,244
44,243,244
44,244,244
45,189,343
45,190,343
45,189,344
45,190,344
45,191,344
45,189,345
45,190,345
45,191,345
45,192,345
45,189,346
45,190,346
45,191,346
45,192,346
45,189,347
45,190,347
45,191,347
45,192,347
45,189,348
45,190,348
45,191,348
45,192,348
45,189,349
45,190,349
45,191,349
45,189,350
45,190,350
46,224,264
46,225,264
46,226,264
46,227,264
46,223,265
46,224,265
46,225,265
46,226,265
46,227,265
46,223,266
46,224,266
46,225,266
46,226,266
46,227,266
46,228,266
46,224,267
46,225,267
46,226,267
46,227,267
47,261,298
47,262,298
47,263,298
47,260,299
47,261,299
47,262,299
47,263,299
47,260,300
47,261,300
47,262,300
47,263,300
47,260,301
47,261,301
47,262,301
49,8,390
49,6,391
49,7,391
49,8,391
49,9,391
49,10,391
49,6,392
49,7,392
49,8,392
49,9,392
49,10,392
49,11,392
49,6,393
49,7,393
49,8,393
49,9,393
49,10,393
49,11,393
49,12,393
49,8,394
49,9,394
49,10,394
49,11,394
49,12,394
49,8,395
49,9,395
49,10,395
49,11,395
49,12,395
49,13,395
49,8,396
49,9,396
49,10,396
49,11,396
49,12,396
49,13,396
49,9,397
49,10,397
49,11,397
49,12,397
49,13,397
49,10,398
49,11,398
49,12,398
49,13,398
50,492,230
50,493,230
50,494,230
50,491,231
50,492,231
50,493,231
50,494,231
50,495,231
50,491,232
50,492,232
50,493,232
50,494,232
50,495,232
50,492,233
50,493,233
50,494,233
50,492,234
51,318,77
51,317,78
51,318,78
51,319,78
51,320,78
51,317,79
51,318,79
51,319,79
51,320,79
51,321,79
51,317,80
51,318,80
51,319,80
51,320,80
51,317,81
51,318,81
51,319,81
51,320,81
51,319,82
52,136,339
52,137,339
52,134,340
52,135,340
52,136,340
52,137,340
52,138,340
52,133,341
52,134,341
52,135,341
52,136,341
52,137,341
52,138,341
52,139,341
52,132,342
52,133,342
52,134,342
52,135,342
52,136,342
52,137,342
52,138,342
52,139,342
52,140,342
52,132,343
52,133,343
52,134,343
52,135,343
52,136,343
52,137,343
52,138,343
52,139,343
52,140,343
52,132,344
52,133,344
52,134,344
52,135,344
52,136,344
52,137,344
52,138,344
52,139,344
52,140,344
52,129,345
52,130,345
52,131,345
52,132,345
52,133,345
52,134,345
52,135,345
52,136,345
52,137,345
52,138,345
52,139,345
52,140,345
52,141,345
52,129,346
52,130,346
52,131,346
52,132,346
52,133,346
52,134,346
52,135,346
52,136,346
52,137,346
52,138,346
52,139,346
52,140,346
52,141,346
52,129,347
52,130,347
52,131,347
52,132,347
52,133,347
52,134,347
52,135,347
52,136,347
52,137,347
52,138,347
52,139,347
52,140,347
52,129,348
52,130,348
52,131,348
52,132,348
52,133,348
52,134,348
52,135,348
52,136,348
52,137,348
52,138,348
52,139,348
52,140,348
52,130,349
52,131,349
52,132,349
52,133,349
52,134,349
52,135,349
52,136,349
52,137,349
52,138,349
52,139,349
52,129,350
52,130,350
52,131,350
52,132,350
52,133,350
52,134,350
52,135,350
52,136,350
52,137,350
52,138,350
52,139,350
52,129,351
52,130,351
52,131,351
52,132,351
52,133,351
52,134,351
52,135,351
52,137,351
52,138,351
52,128,352
52,129,352
52,130,352
52,131,352
52,132,352
52,133,352
52,134,352
52,127,353
52,128,353
52,129,353
52,130,353
52,131,353
52,132,353
52,133,353
52,127,354
52,128,354
52,129,354
52,130,354
52,131,354
52,130,355
53,150,346
53,151,346
53,152,346
53,153,346
53,149,347
53,150,347
53,151,347
53,152,347
53,153,347
53,149,348
53,150,348
53,151,348
53,152,348
53,153,348
53,148,349
53,149,349
53,150,349
53,151,349
53,152,349
53,153,349
53,147,350
53,148,350
53,149,350
53,150,350
53,151,350
53,152,350
53,153,350
53,147,351
53,148,351
53,149,351
53,150,351
53,151,351
53,152,351
53,153,351
53,147,352
53,148,352
53,149,352
53,150,352
53,151,352
53,152,352
53,153,352
53,147,353
53,148,353
53,149,353
53,150,353
53,151,353
53,152,353
53,153,353
53,150,354
53,151,354
53,152,354
55,134,48
55,135,48
55,136,48
55,134,49
55,135,49
55,136,49
55,137,49
55,133,50
55,134,50
55,135,50
55,136,50
55,137,50
55,138,50
55,133,51
55,134,51
55,135,51
55,136,51
55,137,51
55,138,51
55,133,52
55,134,52
55,135,52
55,136,52
55,137,52
55,138,52
55,133,53
55,134,53
55,135,53
55,136,53
55,137,53
55,132,54
55,133,54
55,134,54
55,135,54
55,136,54
55,132,55
55,133,55
55,134,55
55,135,55
55,136,55
55,133,56
55,134,56
55,135,56
56,454,69
56,455,69
56,454,70
56,455,70
56,456,70
56,453,71
56,454,71
56,455,71
56,456,71
56,452,72
56,453,72
56,454,72
56,455,72
56,456,72
56,453,73
56,454,73
56,455,73
56,456,73
56,453,74
56,454,74
56,455,74
56,456,74
57,204,176
57,205,176
57,203,177
57,204,177
57,205,177
57,206,177
57,203,178
57,204,178
57,205,178
57,206,178
57,207,178
57,204,179
57,205,179
57,206,179
57,207,179
57,204,180
57,205,180
58,360,130
58,361,130
58,358,131
58,359,131
58,360,131
58,361,131
58,362,131
58,363,131
58,356,132
58,357,132
58,358,132
58,359,132
58,360,132
58,361,132
58,362,132
58,363,132
58,364,132
58,356,133
58,357,133
58,358,133
58,359,133
58,360,133
58,361,133
58,362,133
58,363,133
58,364,133
58,365,133
58,355,134
58,356,134
58,357,134
58,358,134
58,359,134
58,360,134
58,361,134
58,362,134
58,363,134
58,364,134
58,365,134
58,366,134
58,353,135
58,354,135
58,355,135
58,356,135
58,357,135
58,358,135
58,359,135
58,360,135
58,361,135
58,362,135
58,363,135
58,364,135
58,365,135
58,366,135
58,352,136
58,353,136
58,354,136
58,355,136
58,356,136
58,357,136
58,358,136
58,359,136
58,360,136
58,361,136
58,362,136
58,363,136
58,364,136
58,365,136
58,366,136
58,352,137
58,353,137
58,354,137
58,355,137
58,356,137
58,357,137
58,358,137
58,359,137
58,360,137
58,361,137
58,362,137
58,363,137
58,364,137
58,365,137
58,352,138
58,353,138
58,354,138
58,355,138
58,356,138
58,357,138
58,358,138
58,359,138
58,360,138
58,361,138
58,362,138
58,363,138
58,364,138
58,365,138
58,351,139
58,352,139
58,353,139
58,354,139
58,355,139
58,356,139
58,357,139
58,358,139
58,359,139
58,360,139
58,361,139
58,362,139
58,363,139
58,350,140
58,351,140
58,352,140
58,353,140
58,354,140
58,355,140
58,356,140
58,349,141
58,350,141
58,351,141
58,352,141
59,310,86
59,311,86
59,310,87
59,311,87
59,312,87
59,310,88
59,311,88
59,312,88
59,310,89
59,311,89
59,312,89
60,486,237
60,484,238
60,485,238
60,486,238
60,487,238
60,488,238
60,489,238
60,491,238
60,492,238
60,493,238
60,494,238
60,495,238
60,480,239
60,481,239
60,482,239
60,483,239
60,484,239
60,485,239
60,486,239
60,487,239
60,488,239
60,489,239
60,490,239
60,491,239
60,492,239
60,493,239
60,494,239
60,495,239
60,496,239
60,473,240
60,474,240
60,475,240
60,476,240
60,477,240
60,479,240
60,480,240
60,481,240
60,482,240
60,483,240
60,484,240
60,485,240
60,486,240
60,487,240
60,488,240
60,489,240
60,490,240
60,491,240
60,492,240
60,493,240
60,494,240
60,495,240
60,496,240
60,473,241
60,474,241
60,475,241
60,476,241
60,477,241
60,478,241
60,479,241
60,480,241
60,481,241
60,482,241
60,483,241
60,484,241
60,485,241
60,486,241
60,487,241
60,488,241
60,489,241
60,490,241
60,491,241
60,492,241
60,493,241
60,494,241
60,495,241
60,496,241
60,475,242
60,476,242
60,477,242
60,478,242
60,479,242
60,480,242
60,481,242
60,482,242
60,487,242
60,488,242
60,489,242
60,490,242
60,491,242
60,492,242
60,493,242
60,494,242
60,495,242
60,496,242
60,478,243
60,479,243
60,491,243
60,492,243
60,493,243
60,494,243
61,105,307
61,106,307
61,103,308
61,104,308
61,105,308
61,106,308
61,107,308
61,103,309
61,104,309
61,105,309
61,106,309
61,107,309
61,103,310
61,104,310
61,105,310
61,106,310
61,107,310
61,103,311
61,104,311
61,105,311
61,106,311
61,104,312
61,105,312
63,250,72
63,251,72
63,252,72
63,250,73
63,251,73
63,252,73
63,253,73
63,249,74
63,250,74
63,251,74
63,252,74
63,253,74
63,250,75
63,251,75
63,252,75
63,253,75
63,254,75
63,251,76
63,252,76
65,384,175
65,385,175
65,384,176
65,385,176
65,386,176
65,384,177
65,385,177
65,386,177
65,384,178
65,385,178
67,88,263
67,89,263
67,90,263
67,91,263
67,88,264
67,89,264
67,90,264
67,91,264
67,87,265
67,88,265
67,89,265
67,90,265
67,91,265
67,87,266
67,88,266
67,89,266
67,90,266
67,86,267
67,87,267
67,88,267
67,89,267
67,90,267
67,86,268
67,87,268
67,88,268
67,89,268
67,90,268
67,86,269
67,87,269
67,88,269
68,70,236
68,71,236
68,72,236
68,73,236
68,69,237
68,70,237
68,71,237
68,72,237
68,73,237
68,68,238
68,69,238
68,70,238
68,71,238
68,72,238
68,73,238
68,68,239
68,69,239
68,70,239
68,71,239
68,72,239
68,73,239
68,74,239
68,68,240
68,69,240
68,70,240
68,71,240
68,72,240
68,73,240
68,74,240
68,68,241
68,69,241
68,70,241
68,71,241
68,72,241
68,73,241
68,74,241
68,68,242
68,69,242
68,70,242
68,71,242
68,72,242
68,73,242
68,74,242
68,68,243
68,69,243
68,70,243
68,71,243
68,72,243
68,73,243
68,74,243
68,68,244
68,69,244
68,70,244
68,71,244
68,72,244
68,73,244
68,74,244
68,73,245
68,74,245
69,198,264
69,199,264
69,200,264
69,198,265
69,199,265
69,200,265
69,198,266
69,199,266
69,200,266
70,306,164
70,307,164
70,302,165
70,303,165
70,304,165
70,305,165
70,306,165
70,307,165
70,301,166
70,302,166
70,303,166
70,304,166
70,305,166
70,306,166
70,307,166
70,301,167
70,302,167
70,303,167
70,304,167
70,305,167
70,306,167
70,301,168
70,302,168
70,303,168
70,304,168
71,188,273
71,189,273
71,188,274
71,189,274
71,190,274
71,191,274
71,188,275
71,189,275
71,190,275
71,191,275
71,192,275
71,188,276
71,189,276
71,190,276
71,191,276
71,192,276
71,193,276
71,188,277
71,189,277
71,190,277
71,191,277
71,192,277
71,193,277
71,188,278
71,189,278
71,190,278
71,191,278
71,192,278
72,87,195
72,88,195
72,89,195
72,85,196
72,86,196
72,87,196
72,88,196
72,89,196
72,84,197
72,85,197
72,86,197
72,87,197
72,88,197
72,89,197
72,84,198
72,85,198
72,86,198
72,87,198
72,88,198
72,84,199
72,85,199
72,86,199
72,87,199
72,84,200
72,85,200
72,86,200
72,87,200
72,84,201
72,85,201
72,86,201
72,87,201
72,84,202
72,85,202
72,86,202
72,87,202
73,163,309
73,164,309
73,165,309
73,162,310
73,163,310
73,164,310
73,165,310
73,161,311
73,162,311
73,163,311
73,164,311
73,165,311
73,162,312
73,163,312
73,164,312
73,165,312
73,163,313
73,164,313
74,98,230
74,97,231
74,98,231
74,99,231
74,96,232
74,97,232
74,98,232
74,99,232
74,97,233
74,98,233
74,99,233
75,265,276
75,266,276
75,267,276
75,265,277
75,266,277
75,267,277
75,268,277
75,263,278
75,264,278
75,265,278
75,266,278
75,267,278
75,268,278
75,263,279
75,264,279
75,265,279
75,266,279
75,267,279
75,268,279
75,263,280
75,264,280
75,265,280
75,266,280
75,267,280
75,268,280
75,265,281
75,266,281
75,267,281
75,266,282
77,182,291
77,183,291
77,184,291
77,185,291
77,181,292
77,182,292
77,183,292
77,184,292
77,185,292
77,181,293
77,182,293
77,183,293
77,184,293
77,181,294
77,182,294
77,183,294
77,184,294
77,182,295
