clump_id,mass,logzsol,dust2,tage,gas_logu,area_kpc2,component,sfr_avg,ssfr_avg,area_pix,area_arcsec2,x0,y0,ra0,dec0
0,406678.6298222845,0.1999995238880764,0.177858974855852,0.4668441731712212,-0.9110209228133704,0.2213596028527107,outside,0.0008711228568191,2.142042371884198e-09,4,0.0063999999999998,59.5,15.5,64.03222375745307,-24.07523692509642
1,176009.19788330732,0.1999998299765508,0.979397756070394,0.4800047217918052,-3.7017974252809167,0.2213596028527107,outside,0.0003666822218462,2.0833128396468875e-09,4,0.0063999999999998,69.5,58.0,64.03210215047912,-24.07476468356404
2,1106525.3233063633,-0.7376761446587783,0.360918179194629,0.0336109945656072,-3.2051372738633104,1.1621379149767312,outside,0.0329215287321079,2.9752169280443124e-08,21,0.0335999999999993,58.71428571428572,24.38095238095238,64.03223333821042,-24.07513824938208
3,954420.581379708,0.1999994567362483,0.7037690703310899,0.3758002558964433,-0.0524522535979308,0.3873793049922437,outside,0.0025397017867989,2.66098807627093e-09,7,0.0111999999999997,21.0,36.285714285714285,64.03269233596905,-24.075006046483104
4,1655765.841904021,-0.8935998138197042,1.1142507189291966,0.4999999879201707,-1.1879241644192886,0.3873793049922437,outside,0.0033115317638135,2.000000048319318e-09,7,0.0111999999999997,3.4285714285714284,44.285714285714285,64.03290619192896,-24.07491719078466
5,2558697.936842481,-1.2648009759857672,0.5448524920585254,0.0398107167366154,-1.989283907084554,0.8300985106976652,disk,0.0642715868134357,2.5118864516203515e-08,15,0.0239999999999995,53.4,89.6,64.03229814946503,-24.07441360367065
6,184718.92100596236,-0.2500000093866427,1.099864453393523,0.0739332228270038,-1.989283907084554,0.3320394042790661,outside,0.0024984562276986,1.3525719044331366e-08,6,0.0095999999999998,55.16666666666666,109.16666666666669,64.03227669108787,-24.07419619289155
7,177617.2641384566,-1.0449550503222589,0.575774496006917,0.4999998240933162,-1.924837513026536,0.2213596028527107,outside,0.0003552346532532,2.000000703626982e-09,4,0.0063999999999998,40.5,14.5,64.03245498057328,-24.075248072771608
8,2593742.65875078,-1.499999988504263,1.0822101862108795,0.0968747890019515,-1.0140343795279034,0.996118212837198,outside,0.0267741760830934,1.0322603128248928e-08,18,0.0287999999999994,64.05555555555556,17.61111111111111,64.03216832197214,-24.07521345949106
10,319044.9170535723,0.1999998885841564,1.8711809023781576,0.3661687353291643,-3.0510036500128,0.2213596028527107,disk,0.0008713057294931,2.730981385128521e-09,4,0.0063999999999998,58.5,48.5,64.0322359970965,-24.074870260420308
11,104404.1770669163,-0.499999965370785,1.1087458642967258,0.0843556627179517,-1.0140343795279034,0.3873793049922437,outside,0.0012376664909384,1.1854568712755663e-08,7,0.0111999999999997,21.428571428571427,73.42857142857143,64.03268719758867,-24.07459334732164
